ChEMBL_ID,Name,Synonyms,Type,Max Phase,Molecular Weight,Targets,Bioactivities,AlogP,PSA,HBA,HBD,#RO5 Violations,#Rotatable Bonds,Passes Ro3,QED Weighted,ACD ApKa,ACD BpKa,ACD LogP,ACD LogD,Aromatic Rings,Structure Type,Inorganic Flag,Heavy Atoms,HBA Lipinski,HBD Lipinski,#RO5 Violations (Lipinski),Molecular Weight (Monoisotopic),Molecular Species,Molecular Formula
CHEMBL400388,No Data,,Small molecule,0,323.33,4,4,3.2,92.93,5,3,0,5,N,0.67,No Data,5.4,3.07,3.07,3,MOL,-1,24,6,4,0,323.1182,NEUTRAL,C17H14FN5O
CHEMBL218791,No Data,,Small molecule,0,293.33,5,5,2.75,87.58,5,2,0,3,N,0.77,10.12,3.23,3.24,1.25,3,MOL,-1,22,6,2,0,293.1277,NEUTRAL,C16H15N5O
CHEMBL1852697,No Data,,Small molecule,0,493.18,2,2,5.12,88.24,5,3,1,2,N,0.43,5.88,3.89,4.4,2.8,3,MOL,-1,26,5,4,1,490.8939,ACID,C18H11Br2N3O2S
CHEMBL373576,No Data,,Small molecule,0,343.39,1,1,4.31,80.49,5,1,0,4,N,0.6,No Data,3.28,5.14,3.15,4,MOL,-1,26,6,1,0,343.1433,NEUTRAL,C20H17N5O
CHEMBL1963561,No Data,,Small molecule,0,614.68,0,No Data,5.27,93.54,9,2,2,5,N,0.26,No Data,6.9,6.58,6.51,5,MOL,-1,44,9,2,2,614.1912,NEUTRAL,C32H28F2N6O3S
CHEMBL1851806,No Data,,Small molecule,0,373.46,1,1,3.73,86.19,5,3,0,3,N,0.48,11.26,9.96,2.37,-0.1,3,MOL,-1,28,6,3,0,373.1903,BASE,C22H23N5O
CHEMBL360561,No Data,,Small molecule,0,296.33,3,3,4.1,56.52,5,1,0,5,N,0.77,No Data,2.76,3.43,3.43,3,MOL,-1,22,5,1,0,296.1161,NEUTRAL,C17H16N2O3
CHEMBL194117,No Data,,Small molecule,0,328.37,4,5,5.88,47.29,4,1,1,5,N,0.5,No Data,2.81,5.23,5.23,4,MOL,-1,25,4,1,1,328.1212,NEUTRAL,C21H16N2O2
CHEMBL194027,No Data,,Small molecule,0,266.3,3,4,4.09,47.29,4,1,0,4,N,0.77,No Data,2.87,3.33,3.33,3,MOL,-1,20,4,1,0,266.1055,NEUTRAL,C16H14N2O2
CHEMBL494280,No Data,,Small molecule,0,356.39,2,3,0.12,156.92,10,3,0,6,N,0.41,No Data,9.18,0.32,-1.92,3,MOL,-1,26,10,6,1,356.1709,BASE,C16H20N8O2
CHEMBL476571,No Data,,Small molecule,0,423.5,3,4,2.83,119.03,8,2,0,5,N,0.51,10.1,6.15,2.19,2.16,4,MOL,-1,30,9,3,0,423.1477,NEUTRAL,C20H21N7O2S
CHEMBL521658,No Data,,Small molecule,0,425.49,3,4,1.58,137.14,10,3,0,5,N,0.52,13.11,10.25,1.92,-0.74,3,MOL,-1,31,10,4,0,425.2175,BASE,C21H27N7O3
CHEMBL1851668,No Data,,Small molecule,0,472.14,3,4,5.47,62.22,3,2,1,2,N,0.49,5.9,4.34,4.47,2.88,3,MOL,-1,26,4,2,1,469.9266,ACID,C20H12Br2N2O2
CHEMBL377437,No Data,,Small molecule,0,528.63,3,4,5.35,106.35,8,2,2,11,N,0.22,No Data,6.83,5.7,5.59,5,MOL,-1,38,8,2,2,528.1831,NEUTRAL,C29H28N4O4S
CHEMBL213822,No Data,,Small molecule,0,528.63,3,4,5.35,106.35,8,2,2,11,N,0.22,No Data,6.6,5.7,5.63,5,MOL,-1,38,8,2,2,528.1831,NEUTRAL,C29H28N4O4S
CHEMBL250322,No Data,,Small molecule,0,335.37,4,5,3.08,113.16,6,4,0,5,N,0.57,9.97,5.65,2.65,2.64,3,MOL,-1,25,7,5,0,335.1382,NEUTRAL,C18H17N5O2
CHEMBL514838,No Data,,Small molecule,0,423.5,2,2,2.83,119.03,8,2,0,5,N,0.51,10.1,5.94,2.27,2.26,4,MOL,-1,30,9,3,0,423.1477,NEUTRAL,C20H21N7O2S
CHEMBL522857,No Data,,Small molecule,0,411.47,3,4,1.34,137.14,10,3,0,4,N,0.54,13.11,9.46,2.42,0.4,3,MOL,-1,30,10,4,0,411.2019,BASE,C20H25N7O3
CHEMBL192413,No Data,,Small molecule,0,261.28,3,4,3.96,61.85,4,1,0,3,N,0.77,No Data,2.31,3.5,3.5,3,MOL,-1,20,4,1,0,261.0902,NEUTRAL,C16H11N3O
CHEMBL1963560,No Data,,Small molecule,0,411.47,0,No Data,1.34,137.14,10,3,0,5,N,0.53,13.11,9.78,1.69,-0.6,3,MOL,-1,30,10,4,0,411.2019,BASE,C20H25N7O3
CHEMBL244482,No Data,,Small molecule,0,520.46,4,5,7.07,101.58,6,3,2,5,N,0.24,6.82,1.92,5.23,4.6,4,MOL,-1,36,8,3,2,520.0828,NEUTRAL,C23H16F4N4O4S
CHEMBL478442,No Data,,Small molecule,0,311.34,7,12,3.4,76.5,6,2,0,4,N,0.77,9.93,5.56,2.56,2.56,3,MOL,-1,23,6,2,0,311.127,NEUTRAL,C17H17N3O3
CHEMBL475932,No Data,,Small molecule,0,452.54,4,6,3.98,113.1,8,2,0,7,N,0.43,No Data,6.17,2.5,2.48,4,MOL,-1,32,9,2,0,452.1631,NEUTRAL,C22H24N6O3S
CHEMBL1896047,No Data,,Small molecule,0,458.46,3,5,4.98,58.35,6,1,0,7,N,0.31,No Data,9.48,3.35,1.16,4,MOL,-1,33,6,1,0,458.1842,BASE,C23H22F4N6
CHEMBL505970,No Data,,Small molecule,0,613.69,4,4,6.23,106.1,9,2,2,11,N,0.17,No Data,5.66,5.54,5.52,5,MOL,-1,42,8,2,2,613.1429,NEUTRAL,C29H26F3N5O3S2
CHEMBL200320,No Data,,Small molecule,0,376.85,3,4,4.62,87.82,4,3,0,4,N,0.48,8.23,9.29,2.49,0.67,4,MOL,-1,27,5,4,0,376.1091,BASE,C21H17ClN4O
CHEMBL1794063,No Data,,Small molecule,0,643.14,8,9,7.57,106.35,8,2,2,12,N,0.13,No Data,6.46,7.33,7.28,6,MOL,-1,45,8,2,2,642.1504,NEUTRAL,C34H28ClFN4O4S
CHEMBL406125,No Data,,Small molecule,0,336.4,5,8,2.3,86.8,5,2,0,3,N,0.77,5.84,3.14,2.93,0.69,3,MOL,-1,25,7,2,0,336.1699,ACID,C18H20N6O
CHEMBL213342,No Data,,Small molecule,0,528.63,8,9,5.35,106.35,8,2,2,11,N,0.22,No Data,6.34,5.45,5.41,5,MOL,-1,38,8,2,2,528.1831,NEUTRAL,C29H28N4O4S
CHEMBL1952232,No Data,,Small molecule,0,431.39,2,3,4.41,75.34,6,2,0,6,N,0.35,No Data,2.65,2.59,2.59,4,MOL,-1,31,6,2,0,431.1369,NEUTRAL,C21H17F4N5O
CHEMBL39300,No Data,,Small molecule,0,386.41,5,8,2.97,86.8,5,2,0,4,N,0.72,5.26,8.78,3.44,1.01,3,MOL,-1,28,7,2,0,386.1667,ZWITTERION,C19H20F2N6O
CHEMBL387207,No Data,,Small molecule,0,596.63,7,8,6.37,106.35,8,2,2,11,N,0.17,No Data,6.34,6.16,6.12,5,MOL,-1,42,8,2,2,596.1705,NEUTRAL,C30H27F3N4O4S
CHEMBL232405,No Data,,Small molecule,0,305.4,4,4,1.77,65.36,5,1,0,3,N,0.92,12.81,4.84,0.89,0.89,1,MOL,-1,21,5,1,0,305.1198,NEUTRAL,C15H19N3O2S
CHEMBL395358,No Data,,Small molecule,0,327.39,4,5,5.05,58.04,4,2,1,3,N,0.55,9.94,6.35,3.31,3.31,4,MOL,-1,25,4,2,1,327.1372,NEUTRAL,C21H17N3O
CHEMBL1099276,No Data,,Small molecule,0,447.5,8,10,2.28,151.13,10,3,0,6,N,0.38,13.11,6.76,2.12,2.06,4,MOL,-1,33,10,5,0,447.2019,NEUTRAL,C23H25N7O3
CHEMBL15202,No Data,,Small molecule,0,357.41,5,7,4.96,56.27,5,1,0,6,N,0.53,No Data,5.41,4.54,4.54,4,MOL,-1,27,5,1,0,357.1477,NEUTRAL,C22H19N3O2
CHEMBL380247,No Data,,Small molecule,0,563.08,8,10,6,106.35,8,2,2,11,N,0.19,No Data,6.34,6.13,6.09,5,MOL,-1,39,8,2,2,562.1442,NEUTRAL,C29H27ClN4O4S
CHEMBL507821,No Data,,Small molecule,0,579.69,7,8,4.38,106.43,10,2,1,5,N,0.3,No Data,6.9,4.96,4.89,5,MOL,-1,42,10,2,1,579.2053,NEUTRAL,C31H29N7O3S
CHEMBL187494,No Data,,Small molecule,0,628.76,5,6,4.56,139.87,9,3,1,9,N,0.24,13.78,6.76,2,1.85,4,MOL,-1,45,12,3,2,628.258,NEUTRAL,C32H36N8O4S
CHEMBL212954,No Data,,Small molecule,0,577.08,9,11,6.57,80.49,7,1,2,8,N,0.22,No Data,5.43,5.29,5.29,5,MOL,-1,40,7,1,2,576.1398,NEUTRAL,C30H26ClFN4O3S
CHEMBL374680,No Data,,Small molecule,0,354.42,8,8,4.11,80.24,5,1,0,4,N,0.6,3.1,4.79,4.24,2.24,4,MOL,-1,27,6,1,0,354.1593,ACID,C21H18N6
CHEMBL1098943,No Data,,Small molecule,0,385.43,10,11,0.8,137.14,10,3,0,6,N,0.42,13.11,8.7,1.94,0.76,3,MOL,-1,28,10,4,0,385.1862,BASE,C18H23N7O3
CHEMBL244289,No Data,,Small molecule,0,503.41,5,6,6.34,117.37,5,4,2,5,N,0.24,10.67,5.45,4.52,4.51,4,MOL,-1,36,9,4,2,503.1217,NEUTRAL,C23H17F4N5O4
CHEMBL187930,No Data,,Small molecule,0,497.63,3,3,3.22,119.56,8,3,0,10,N,0.39,13.91,8.36,1.49,0.42,3,MOL,-1,35,10,3,0,497.2209,NEUTRAL,C24H31N7O3S
CHEMBL455434,No Data,,Small molecule,0,539.66,7,8,4.58,88.61,8,2,1,5,N,0.36,No Data,6.9,5.86,5.78,4,MOL,-1,39,8,2,1,539.1991,NEUTRAL,C30H29N5O3S
CHEMBL243917,No Data,,Small molecule,0,549.48,5,7,7.41,108.14,4,4,2,6,N,0.17,9.83,5.14,5.78,5.77,5,MOL,-1,40,8,4,2,549.1424,NEUTRAL,C28H19F4N5O3
CHEMBL1956071,No Data,SB-7720770B,Small molecule,0,342.36,16,30,0.26,141.98,9,2,0,3,N,0.69,No Data,8.47,-0.92,-1.9,3,MOL,-1,25,10,4,0,342.1553,NEUTRAL,C15H18N8O2
CHEMBL304624,No Data,,Small molecule,0,313.36,6,8,4.51,61.8,3,2,0,3,N,0.58,10.78,9.52,3.02,3.01,4,MOL,-1,24,4,2,0,313.1215,BASE,C20H15N3O
CHEMBL14233,No Data,,Small molecule,0,459.48,3,5,4.56,102.16,7,2,0,6,N,0.44,4.05,9.91,1.74,-0.77,4,MOL,-1,34,8,2,0,459.1707,ZWITTERION,C25H22FN5O3
CHEMBL329040,No Data,,Small molecule,0,332.36,5,7,2.61,100.87,4,3,0,4,N,0.68,10.21,2.83,1.82,1.82,3,MOL,-1,23,6,4,0,332.0743,NEUTRAL,C15H13FN4O2S
CHEMBL35785,No Data,,Small molecule,0,280.29,4,7,1.76,96.45,5,2,0,3,N,0.76,5.44,2.82,1.52,-0.16,3,MOL,-1,21,7,2,0,280.1073,ACID,C14H12N6O
CHEMBL212965,No Data,,Small molecule,0,559.09,8,9,6.43,80.49,7,1,2,8,N,0.23,No Data,5.43,5.12,5.11,5,MOL,-1,39,7,1,2,558.1492,NEUTRAL,C30H27ClN4O3S
CHEMBL1794054,No Data,,Small molecule,0,421.48,3,4,2.28,126.54,6,3,0,6,N,0.53,9.54,5.88,2.52,2.5,3,MOL,-1,30,8,4,0,421.1209,NEUTRAL,C21H19N5O3S
CHEMBL14212,No Data,,Small molecule,0,443.53,5,8,5.48,64.86,6,1,1,5,N,0.44,No Data,9.91,3.05,0.59,4,MOL,-1,33,6,1,1,443.2121,BASE,C26H26FN5O
CHEMBL244097,No Data,,Small molecule,0,461.43,4,6,4.88,154.67,6,5,0,6,N,0.27,4.17,5.51,3.58,0.71,4,MOL,-1,34,11,5,1,461.1335,ACID,C23H19N5O6
CHEMBL32464,No Data,,Small molecule,0,351.41,6,7,4.84,66.49,4,2,0,4,N,0.49,11.66,5.74,4.26,4.24,5,MOL,-1,27,5,2,0,351.1484,NEUTRAL,C22H17N5
CHEMBL416031,No Data,,Small molecule,0,411.47,5,5,4.79,74.09,7,1,0,6,N,0.43,No Data,5.56,3.82,3.81,5,MOL,-1,31,7,1,0,411.1695,NEUTRAL,C24H21N5O2
CHEMBL214689,No Data,,Small molecule,0,607.53,9,10,6.11,106.35,8,2,2,11,N,0.17,No Data,6.34,6.27,6.23,5,MOL,-1,39,8,2,2,606.0936,NEUTRAL,C29H27BrN4O4S
CHEMBL244297,No Data,,Small molecule,0,539.45,5,8,7,121.28,5,4,2,6,N,0.17,9.78,4.81,5.36,5.36,5,MOL,-1,39,9,4,2,539.1217,NEUTRAL,C26H17F4N5O4
CHEMBL396283,No Data,,Small molecule,0,451.87,4,6,5.83,117.37,5,4,1,5,N,0.3,10.35,5.49,4.59,4.58,4,MOL,-1,32,9,4,1,451.1047,NEUTRAL,C22H18ClN5O4
CHEMBL268889,No Data,,Small molecule,0,305.34,4,6,3.29,49.17,5,0,0,2,N,0.73,No Data,4.4,2.77,2.77,3,MOL,-1,23,5,0,0,305.1164,NEUTRAL,C18H15N3O2
CHEMBL1888322,No Data,,Small molecule,0,585.61,2,3,6.21,97.55,6,4,2,9,N,0.14,10.19,7.66,4.67,3.96,4,MOL,-1,42,9,4,2,585.2475,NEUTRAL,C29H31F4N7O2
CHEMBL1852436,No Data,,Small molecule,0,453.54,3,4,5.74,71.09,6,1,1,7,N,0.29,11.41,8.65,4.5,3.22,4,MOL,-1,34,6,1,1,453.2052,BASE,C28H27N3O3
CHEMBL243891,No Data,,Small molecule,0,417.43,4,6,5.18,117.37,5,4,1,5,N,0.36,10.71,5.53,3.84,3.83,4,MOL,-1,31,9,4,1,417.1437,NEUTRAL,C22H19N5O4
CHEMBL516375,No Data,,Small molecule,0,492,3,3,4.42,96.87,8,2,0,8,N,0.35,No Data,5.33,4.5,4.49,4,MOL,-1,32,7,2,0,491.0653,NEUTRAL,C21H19ClFN5O2S2
CHEMBL363316,No Data,,Small molecule,0,539.66,3,3,2.99,128.79,9,3,1,10,N,0.36,13.91,7,1.01,0.8,3,MOL,-1,38,11,3,2,539.2315,NEUTRAL,C26H33N7O4S
CHEMBL244099,No Data,,Small molecule,0,551.48,2,3,5.38,142.28,6,4,2,5,N,0.25,9.55,3.93,3.62,3.62,4,MOL,-1,38,10,4,2,551.0887,NEUTRAL,C23H17F4N5O5S
CHEMBL214419,No Data,,Small molecule,0,596.63,8,9,6.37,106.35,8,2,2,11,N,0.17,No Data,6.34,6.24,6.19,5,MOL,-1,42,8,2,2,596.1705,NEUTRAL,C30H27F3N4O4S
CHEMBL243912,No Data,,Small molecule,0,519.48,4,6,6.69,108.14,5,4,2,5,N,0.22,10.51,5.11,3.97,3.97,4,MOL,-1,36,8,4,2,519.0988,NEUTRAL,C23H17F4N5O3S
CHEMBL67374,No Data,,Small molecule,0,458.53,3,5,2.56,109.56,9,2,0,9,N,0.29,7.88,8.37,4.01,2.93,4,MOL,-1,34,10,2,0,458.2179,NEUTRAL,C24H26N8O2
CHEMBL215716,No Data,,Small molecule,0,542.64,8,9,5.92,80.49,7,1,2,8,N,0.26,No Data,5.42,4.94,4.93,5,MOL,-1,39,7,1,2,542.1788,NEUTRAL,C30H27FN4O3S
CHEMBL212251,No Data,,Small molecule,0,623.15,6,7,7.26,97.56,8,1,2,13,N,0.15,No Data,6.44,7.36,7.31,5,MOL,-1,43,8,1,2,622.1817,NEUTRAL,C32H32ClFN4O4S
CHEMBL243908,No Data,,Small molecule,0,496.32,4,6,5.94,117.37,5,4,1,5,N,0.27,10.69,5.49,4.79,4.78,4,MOL,-1,32,9,4,1,495.0542,NEUTRAL,C22H18BrN5O4
CHEMBL473436,No Data,,Small molecule,0,450.93,8,10,6.8,62.83,5,2,1,6,N,0.3,No Data,5.57,4.85,4.85,5,MOL,-1,31,5,2,1,450.0717,NEUTRAL,C23H16ClFN4OS
CHEMBL493066,No Data,,Small molecule,0,342.36,6,6,0.13,127.99,9,2,0,3,N,0.69,No Data,8.19,-1.29,-2.15,3,MOL,-1,25,10,3,0,342.1553,NEUTRAL,C15H18N8O2
CHEMBL194911,No Data,,Small molecule,0,537.47,8,13,6.95,115.3,6,3,2,5,N,0.21,12.56,4.67,4.1,4.1,5,MOL,-1,39,8,4,2,537.1424,NEUTRAL,C27H19F4N5O3
CHEMBL2051974,No Data,,Small molecule,0,573.96,1,1,6.69,108.14,5,4,2,5,N,0.22,10.51,5.11,3.97,3.97,4,MOL,-1,36,8,4,2,519.0988,NEUTRAL,C23H20ClF4N5O4S
CHEMBL3939743,No Data,,No Data,0,664.21,1,3,4.56,139.87,9,3,1,9,N,0.24,13.78,6.76,2,1.85,4,MOL,-1,45,12,3,2,628.258,NEUTRAL,C32H36ClN8O4S
CHEMBL365663,GW780159X,GW780159X,Small molecule,0,338.82,206,465,4.66,64.69,5,1,0,2,N,0.58,No Data,2.52,3.16,3.16,4,MOL,-1,23,4,2,0,338.0393,NEUTRAL,C17H11ClN4S
CHEMBL181361,GW693481X,GW693481X,Small molecule,0,305.37,207,467,3.4,77.58,6,1,0,2,N,0.61,No Data,1.97,1.37,1.37,4,MOL,-1,22,5,2,0,305.0735,NEUTRAL,C16H11N5S
CHEMBL204934,GW813360X,GW813360X,Small molecule,0,345.37,205,461,2.67,90.11,8,1,0,5,N,0.44,7.3,4.89,2.6,2.33,4,MOL,-1,26,8,1,0,345.1338,NEUTRAL,C18H15N7O
CHEMBL318892,No Data,SB-236687,Small molecule,0,428.52,205,466,5.16,58.87,6,1,1,5,N,0.48,No Data,8.65,3.91,2.66,4,MOL,-1,32,6,1,1,428.2125,BASE,C25H25FN6
CHEMBL1909404,GW581744X,GW581744X,Small molecule,0,406.42,204,462,2.49,118.43,7,3,0,7,N,0.41,13.47,2.75,0.79,0.79,4,MOL,-1,30,8,4,0,406.1554,NEUTRAL,C21H19FN6O2
CHEMBL473420,GSK-1030058A,GSK1030058A,Small molecule,0,492.48,205,465,5.49,71.81,8,0,1,7,N,0.32,No Data,3.29,2.08,2.08,4,MOL,-1,34,7,0,1,492.0967,NEUTRAL,C23H19F3N2O5S
CHEMBL352222,No Data,SB-358518,Small molecule,0,394.17,205,465,3.09,121.57,6,3,0,4,N,0.32,6.77,No Data,4.4,3.55,2,MOL,-1,26,8,3,0,392.9919,NEUTRAL,C16H9Cl2N3O5
CHEMBL479079,GW612286X,GW612286X,Small molecule,0,406.45,207,467,4.17,106.21,8,3,0,7,N,0.42,No Data,5.58,3.16,3.15,4,MOL,-1,30,9,3,0,406.1753,NEUTRAL,C21H22N6O3
CHEMBL176553,GW631581B,GW631581B,Small molecule,0,296.33,206,465,4.1,56.52,5,1,0,5,N,0.77,No Data,2.36,4.38,4.38,3,MOL,-1,22,5,1,0,296.1161,NEUTRAL,C17H16N2O3
CHEMBL186213,GW827105X,GW827105X,Small molecule,0,462.44,205,465,5.62,77.23,7,1,1,5,N,0.37,No Data,1.39,4.95,4.95,5,MOL,-1,34,7,1,1,462.1416,NEUTRAL,C24H17F3N6O
CHEMBL485598,GSK-317354A,GSK317354A,Small molecule,0,494.45,205,465,5.12,95.06,5,3,1,4,N,0.34,12.59,4.7,2.98,2.98,4,MOL,-1,36,7,3,1,494.1478,NEUTRAL,C25H18F4N6O
CHEMBL458415,GSK-2186269A,GSK2186269A,Small molecule,0,483.58,206,465,3.86,89.62,7,2,0,6,N,0.43,13.58,7.31,4.24,3.77,4,MOL,-1,36,9,2,0,483.2383,NEUTRAL,C27H29N7O2
CHEMBL1789962,GW643971X,GW643971X,Small molecule,0,374.4,205,462,3.03,97.45,8,2,0,6,N,0.4,8.27,3.4,3.93,3.82,4,MOL,-1,28,8,2,0,374.1491,NEUTRAL,C20H18N6O2
CHEMBL365072,No Data,SB-751148,Small molecule,0,258.29,205,467,1.65,95.65,7,1,0,3,N,0.77,No Data,4.91,1.24,1.24,3,MOL,-1,19,7,2,0,258.1229,NEUTRAL,C12H14N6O
CHEMBL182283,GW819230X,GW819230X,Small molecule,0,293.33,204,464,3.55,68.02,4,1,0,3,N,0.8,10.03,4.58,2.7,2.69,3,MOL,-1,22,5,1,0,293.1164,NEUTRAL,C17H15N3O2
CHEMBL14014,No Data,SB-251505,Small molecule,0,433.46,205,464,5,64.86,6,1,1,5,N,0.48,No Data,9.91,2.35,-0.09,4,MOL,-1,32,6,1,1,433.1714,BASE,C24H21F2N5O
CHEMBL189231,No Data,SB-734117,Small molecule,0,284.32,204,464,2.57,95.65,7,1,0,2,N,0.78,No Data,4.89,1.98,1.98,3,MOL,-1,21,7,2,0,284.1386,NEUTRAL,C14H16N6O
CHEMBL483748,GSK-953913A,GSK953913A,Small molecule,0,390.46,205,466,4.13,82.28,4,1,0,5,N,0.56,9.85,5,2.57,2.56,4,MOL,-1,28,5,2,0,390.1038,NEUTRAL,C22H18N2O3S
CHEMBL185939,GW828525X,GW828525X,Small molecule,0,490.45,205,464,5.39,86.46,8,1,1,4,N,0.36,No Data,1.46,3.94,3.94,5,MOL,-1,36,8,1,1,490.1365,NEUTRAL,C25H17F3N6O2
CHEMBL408564,No Data,SB-739452,Small molecule,0,347.17,210,491,3.33,83.81,4,2,0,3,N,0.76,7.87,0.77,1.71,1.47,3,MOL,-1,21,6,2,0,346.0065,NEUTRAL,C14H11BrN4O2
CHEMBL188381,GW806742X,GW806742X,Small molecule,0,573.56,206,468,5.18,151.57,8,4,2,8,N,0.23,10.1,6.41,3.35,3.3,4,MOL,-1,40,11,5,3,573.1406,NEUTRAL,C25H22F3N7O4S
CHEMBL427058,GSK-466317A,GSK466317A,Small molecule,0,448.83,209,476,4.75,86.88,3,3,0,3,N,0.54,11.54,No Data,4.53,4.53,3,MOL,-1,31,6,3,0,448.0914,NEUTRAL,C21H16ClF3N4O2
CHEMBL230911,GSK-625137A,GSK625137A,Small molecule,0,289.34,205,467,3.1,82,3,2,0,3,N,0.73,No Data,4.64,1.27,1.27,3,MOL,-1,22,4,4,0,289.1215,NEUTRAL,C18H15N3O
CHEMBL365248,GW810372X,GW810372X,Small molecule,0,402.34,205,466,3.84,86.46,8,1,0,5,N,0.54,No Data,1.43,3.68,3.68,4,MOL,-1,29,8,1,0,402.1052,NEUTRAL,C18H13F3N6O2
CHEMBL477583,GW743024X,GW743024X,Small molecule,0,374.44,207,470,4.65,71.34,3,2,0,6,N,0.66,13.54,0.61,4.02,4.02,3,MOL,-1,28,5,2,0,374.163,NEUTRAL,C23H22N2O3
CHEMBL372474,GW678313X,GW678313X,Small molecule,0,452.51,208,480,5.69,81.43,6,1,1,7,N,0.39,No Data,2.34,4.54,4.54,4,MOL,-1,32,6,1,1,452.1206,NEUTRAL,C24H21FN2O4S
CHEMBL275473,GW572401X,GW572401X,Small molecule,0,401.49,206,466,4.12,84.67,6,1,0,8,N,0.61,No Data,2.56,4.08,4.08,3,MOL,-1,28,7,1,0,401.1409,NEUTRAL,C20H23N3O4S
CHEMBL476351,GW775608X,GW775608X,Small molecule,0,470.57,207,470,4.29,83.56,5,2,0,7,N,0.54,11.5,3.37,3.07,3.07,3,MOL,-1,35,7,2,0,470.2318,NEUTRAL,C28H30N4O3
CHEMBL1516890,GW441756X,GW441756X,Small molecule,0,275.31,238,600,3.07,46.92,3,1,0,1,N,0.69,11.04,1.23,2.19,2.19,3,MOL,-1,21,4,1,0,275.1059,NEUTRAL,C17H13N3O
CHEMBL443563,GW627512B,GW627512B,Small molecule,0,326.35,206,466,4.11,65.75,6,1,0,6,N,0.74,No Data,2.53,3.34,3.34,3,MOL,-1,24,6,1,0,326.1267,NEUTRAL,C18H18N2O4
CHEMBL405042,GW335962X,GW335962X,Small molecule,0,329.38,204,465,2.13,101.29,4,3,0,3,N,0.75,10.05,0.17,1.65,1.64,2,MOL,-1,23,6,4,0,329.0834,NEUTRAL,C16H15N3O3S
CHEMBL505187,GSK-718429A,GSK718429A,Small molecule,0,528.62,205,464,7.34,96.86,5,3,2,8,N,0.19,13.38,4.03,5.36,5.36,6,MOL,-1,40,8,3,2,528.2274,NEUTRAL,C32H28N6O2
CHEMBL66004,GW578748X,GW578748X,Small molecule,0,284.28,204,459,1.51,108.31,7,3,0,4,N,0.49,8.16,3.91,2.78,2.69,3,MOL,-1,21,8,3,0,284.1022,NEUTRAL,C13H12N6O2
CHEMBL263796,GW445014X,GW445014X,Small molecule,0,307.18,205,462,3.92,41.99,2,1,0,3,N,0.93,No Data,2.39,3.29,3.29,2,MOL,-1,20,3,1,0,306.0327,NEUTRAL,C15H12Cl2N2O
CHEMBL477182,GW769076X,GW769076X,Small molecule,0,454.57,205,463,5.05,74.33,4,2,1,7,N,0.52,11.41,4.91,3.66,3.65,3,MOL,-1,34,6,2,1,454.2369,NEUTRAL,C28H30N4O2
CHEMBL427159,GW827396X,GW827396X,Small molecule,0,430.42,205,466,4.88,77.23,7,1,0,5,N,0.43,No Data,0.98,4.28,4.28,5,MOL,-1,32,7,1,0,430.1354,NEUTRAL,C23H16F2N6O
CHEMBL495696,GW778894X,GW778894X,Small molecule,0,313.32,205,467,2.8,91.79,7,1,0,3,N,0.63,No Data,1.51,2.39,2.39,4,MOL,-1,24,7,1,0,313.1076,NEUTRAL,C17H11N7
CHEMBL1785003,No Data,SB-264866,Small molecule,0,486.55,205,463,4.28,107.95,7,2,0,8,N,0.38,No Data,9.91,1.59,-0.86,4,MOL,-1,36,8,3,0,486.218,BASE,C27H27FN6O2
CHEMBL506153,GW876790X,GW876790X,Small molecule,0,330.35,205,468,0.03,136.78,9,3,0,6,N,0.54,12.54,9.26,-1.06,-2.9,3,MOL,-1,24,10,4,0,330.1553,BASE,C14H18N8O2
CHEMBL518968,GSK-1030061A,GSK1030061A,Small molecule,0,491.49,205,465,5.06,74.61,7,1,1,7,N,0.39,No Data,3.28,1.19,1.19,4,MOL,-1,34,7,1,1,491.1127,NEUTRAL,C23H20F3N3O4S
CHEMBL269827,GW276655X,GW276655X,Small molecule,0,383.39,207,469,1.76,139.68,7,3,0,4,N,0.59,8.83,0.05,1.86,1.84,3,MOL,-1,27,9,4,0,383.0688,NEUTRAL,C17H13N5O4S
CHEMBL189415,GW819077X,GW819077X,Small molecule,0,432.41,205,467,5.62,68,6,1,1,4,N,0.4,No Data,1.58,5.17,5.17,5,MOL,-1,32,6,1,1,432.131,NEUTRAL,C23H15F3N6
CHEMBL220243,GW406731X,GW406731X,Small molecule,0,283.33,205,461,3.36,59.42,4,1,0,3,N,0.88,10.11,3.04,3.75,3.75,2,MOL,-1,21,4,1,0,283.1208,NEUTRAL,C17H17NO3
CHEMBL274863,No Data,SB-216385,Small molecule,0,382.44,207,468,2.45,82.09,7,1,0,6,N,0.71,No Data,7.27,1.04,0.78,3,MOL,-1,28,7,2,0,382.1917,NEUTRAL,C20H23FN6O
CHEMBL475599,GSK-300014A,GSK300014A,Small molecule,0,603.17,205,465,6.67,93.21,9,2,2,11,N,0.16,No Data,6.51,5.05,5,5,MOL,-1,39,7,2,2,602.0683,NEUTRAL,C27H24ClFN4O3S3
CHEMBL1785004,No Data,SB-253228,Small molecule,0,451.45,205,464,5.14,64.86,6,1,1,5,N,0.46,No Data,9.91,2.35,-0.1,4,MOL,-1,33,6,1,1,451.162,BASE,C24H20F3N5O
CHEMBL275200,No Data,SB-278538,Small molecule,0,471.58,205,466,6.16,64.86,6,1,1,5,N,0.38,No Data,9.91,3.93,1.47,4,MOL,-1,35,6,1,1,471.2434,BASE,C28H30FN5O
CHEMBL1785002,No Data,SB-264865,Small molecule,0,472.52,204,463,3.89,107.95,7,2,0,7,N,0.42,No Data,9.91,0.93,-1.52,4,MOL,-1,35,8,3,0,472.2023,BASE,C26H25FN6O2
CHEMBL215814,GW576484X,GW576484X,Small molecule,0,614.62,208,468,6.5,106.35,8,2,2,11,N,0.13,No Data,6.34,6.33,6.29,5,MOL,-1,43,8,2,2,614.1611,NEUTRAL,C30H26F4N4O4S
CHEMBL196022,GW642125X,GW642125X,Small molecule,0,241.25,204,463,2.48,74.17,5,1,0,2,N,0.75,No Data,4.86,2.04,2.04,3,MOL,-1,18,5,2,0,241.0851,NEUTRAL,C13H11N3O2
CHEMBL218970,GW445017X,GW445017X,Small molecule,0,272.74,205,459,3.27,41.99,2,1,0,3,N,0.93,No Data,2.74,2.56,2.56,2,MOL,-1,19,3,1,0,272.0716,NEUTRAL,C15H13ClN2O
CHEMBL379093,GW651576X,GW651576X,Small molecule,0,429.88,205,465,5.99,47.04,4,1,1,5,N,0.4,No Data,3.57,7.01,7.01,4,MOL,-1,31,4,1,1,429.1044,NEUTRAL,C25H17ClFN3O
CHEMBL405021,No Data,SB-732941,Small molecule,0,277.33,205,469,3.58,57.78,2,2,0,3,N,0.77,13.19,1.21,3.52,3.52,3,MOL,-1,21,4,2,0,277.1215,NEUTRAL,C17H15N3O
CHEMBL514162,GW852849X,GW852849X,Small molecule,0,443.91,207,468,4.44,88.6,7,1,0,7,N,0.46,No Data,3.4,2.03,2.03,4,MOL,-1,30,7,2,0,443.0707,NEUTRAL,C21H18ClN3O4S
CHEMBL95502,No Data,SB-221466,Small molecule,0,394.5,205,464,4.21,81.65,6,2,0,3,N,0.7,No Data,10.65,3.1,0.21,3,MOL,-1,29,6,3,0,394.2281,BASE,C22H27FN6
CHEMBL157258,No Data,SB-390523,Small molecule,0,383.62,205,466,3.83,78.43,4,3,0,3,N,0.56,6.87,No Data,5.13,4.35,2,MOL,-1,24,5,3,0,381.9679,NEUTRAL,C16H9Cl3N2O3
CHEMBL189148,GW829055X,GW829055X,Small molecule,0,398.86,205,466,5.25,68,6,1,1,4,N,0.45,No Data,1.64,4.57,4.57,5,MOL,-1,29,6,1,1,398.1047,NEUTRAL,C22H15ClN6
CHEMBL192417,GW632046X,GW632046X,Small molecule,0,250.3,206,466,4.39,38.06,3,1,0,3,N,0.75,No Data,2.9,4.21,4.21,3,MOL,-1,19,3,1,0,250.1106,NEUTRAL,C16H14N2O
CHEMBL231623,GSK-620503A,GSK620503A,Small molecule,0,307.33,204,464,3.24,82,3,2,0,3,N,0.73,No Data,2.32,1.2,1.2,3,MOL,-1,23,4,4,0,307.1121,NEUTRAL,C18H14FN3O
CHEMBL66292,PYRAZOLOPYRIMIDINE 2,GW811168X,Small molecule,0,422.47,206,466,2.67,111.36,9,1,0,6,N,0.38,7.71,3.41,3.88,3.6,4,MOL,-1,30,9,1,0,422.1161,NEUTRAL,C20H18N6O3S
CHEMBL188268,No Data,SB-750140,Small molecule,0,307.32,205,465,1.51,121.67,8,2,0,3,N,0.59,No Data,8.87,3.06,1.52,4,MOL,-1,23,8,4,0,307.1182,BASE,C15H13N7O
CHEMBL1794055,GW589933X,GW589933X,Small molecule,0,372.43,205,470,2.35,114.18,6,3,0,3,N,0.61,9.22,1.11,1.22,1.21,3,MOL,-1,25,7,4,0,372.0351,NEUTRAL,C16H12N4O3S2
CHEMBL512076,GSK-192082A,GSK192082A,Small molecule,0,566.06,209,475,5.63,97.4,8,3,2,7,N,0.25,12.71,6.83,6.64,6.57,4,MOL,-1,39,8,3,2,565.1351,NEUTRAL,C28H25ClFN5O3S
CHEMBL480371,GW853609X,GW853609X,Small molecule,0,496.31,206,465,5.55,70.14,5,1,1,5,N,0.39,No Data,2.05,3.49,3.49,4,MOL,-1,30,5,2,1,494.9864,NEUTRAL,C20H13BrF3N3O2S
CHEMBL156987,No Data,SB-409513,Small molecule,0,377.18,205,465,3.17,95.5,4,3,0,4,N,0.71,2.88,No Data,3.39,-0.14,2,MOL,-1,25,6,3,0,376.0018,ACID,C17H10Cl2N2O4
CHEMBL241517,GW856804X,GW856804X,Small molecule,0,433.92,205,473,4.65,99.07,5,2,0,3,N,0.49,9.81,5.07,4.3,4.3,4,MOL,-1,28,5,4,0,433.0122,NEUTRAL,C19H13ClFN3O2S2
CHEMBL480382,GSK-312948A,GSK312948A,Small molecule,0,415.5,206,465,3.84,88.6,8,1,0,7,N,0.5,No Data,3.4,2.08,2.08,4,MOL,-1,28,7,2,0,415.066,NEUTRAL,C19H17N3O4S2
CHEMBL1882194,GW780056X,GW780056X,Small molecule,0,373.46,205,464,3.77,71.24,7,1,0,7,N,0.53,No Data,9.84,3.31,0.98,4,MOL,-1,28,7,1,0,373.2015,BASE,C21H23N7
CHEMBL495771,GW708336X,GW708336X,Small molecule,0,337.39,206,467,1.6,80.47,8,1,0,4,N,0.77,No Data,3.54,1.98,1.98,3,MOL,-1,25,8,1,0,337.1651,NEUTRAL,C17H19N7O
CHEMBL261440,No Data,SB-735465,Small molecule,0,313.31,205,465,3.86,57.78,2,2,0,3,N,0.77,12.34,0.47,3.45,3.45,3,MOL,-1,23,4,2,0,313.1027,NEUTRAL,C17H13F2N3O
CHEMBL458865,GSK-1220512A,GSK1220512A,Small molecule,0,518.6,206,467,4.22,124.43,8,4,1,8,N,0.27,13.38,8.28,4.24,3.13,4,MOL,-1,38,10,5,1,518.2554,NEUTRAL,C27H31FN8O2
CHEMBL220244,GW427984X,GW427984X,Small molecule,0,296.37,205,461,3.28,53.43,3,1,0,3,N,0.95,10.13,3.76,3.02,3.02,2,MOL,-1,22,4,1,0,296.1525,NEUTRAL,C18H20N2O2
CHEMBL95207,No Data,SB-220455,Small molecule,0,352.42,206,464,3,72.86,6,1,0,3,N,0.78,No Data,8.66,1.65,0.4,3,MOL,-1,26,6,2,0,352.1812,BASE,C19H21FN6
CHEMBL205158,GW695874X,GW695874X,Small molecule,0,427.51,206,463,3.91,76.16,6,1,0,7,N,0.48,8.74,6.36,2.28,2.24,4,MOL,-1,32,7,1,0,427.2008,NEUTRAL,C25H25N5O2
CHEMBL513897,GSK-994854A,GSK994854A,Small molecule,0,481.6,205,466,5.35,111.96,6,4,1,8,N,0.27,13.46,8.73,5.53,3.97,4,MOL,-1,36,8,5,1,481.259,BASE,C28H31N7O
CHEMBL362155,GW827102X,GW827102X,Small molecule,0,490.45,205,466,5.39,86.46,8,1,1,4,N,0.36,No Data,1.53,4.6,4.6,5,MOL,-1,36,8,1,1,490.1365,NEUTRAL,C25H17F3N6O2
CHEMBL477979,GW785974X,GW785974X,Small molecule,0,350.46,205,465,3.94,58.2,2,2,0,6,N,0.83,12.79,No Data,4.4,4.4,2,MOL,-1,26,4,2,0,350.1994,NEUTRAL,C22H26N2O2
CHEMBL188426,GW807982X,GW807982X,Small molecule,0,430.39,205,466,4.36,86.46,8,1,0,6,N,0.49,No Data,1.32,4.49,4.49,4,MOL,-1,31,8,1,0,430.1365,NEUTRAL,C20H17F3N6O2
CHEMBL218720,GSK-466314A,GSK466314A,Small molecule,0,428.41,207,473,4.41,86.88,3,3,0,3,N,0.58,12.96,1.62,3.69,3.69,3,MOL,-1,31,6,3,0,428.146,NEUTRAL,C22H19F3N4O2
CHEMBL511765,GSK-2213727A,GSK2213727A,Small molecule,0,506.54,206,467,3.5,150.29,8,5,1,9,N,0.23,13.26,7.44,2.79,2.4,4,MOL,-1,37,11,6,3,506.219,NEUTRAL,C25H27FN8O3
CHEMBL467581,GSK-2219385A,GSK2219385A,Small molecule,0,520.57,206,467,3.52,141.5,8,4,1,9,N,0.26,13.23,7.18,1.86,1.53,4,MOL,-1,38,11,5,2,520.2347,NEUTRAL,C26H29FN8O3
CHEMBL187985,No Data,SB-744941,Small molecule,0,299.34,205,466,1.68,98.89,8,1,0,3,N,0.79,No Data,5.93,2.13,2.12,3,MOL,-1,22,8,2,0,299.1495,NEUTRAL,C14H17N7O
CHEMBL1956068,GW296115X,GW296115X,Small molecule,0,385.38,205,468,3.86,96.21,4,3,0,2,N,0.4,9.96,No Data,4.29,4.29,5,MOL,-1,29,7,3,0,385.1063,NEUTRAL,C22H15N3O4
CHEMBL361237,GW785804X,GW785804X,Small molecule,0,322.37,206,467,4.14,64.69,5,1,0,2,N,0.6,No Data,2.75,2.5,2.5,4,MOL,-1,23,4,2,0,322.0688,NEUTRAL,C17H11FN4S
CHEMBL13868,No Data,SB-245392,Small molecule,0,507.57,205,464,6.66,74.09,7,1,2,7,N,0.27,No Data,9.91,4.3,1.84,5,MOL,-1,38,7,1,2,507.2071,BASE,C30H26FN5O2
CHEMBL1789961,GW513184X,GW513184X,Small molecule,0,360.38,205,463,2.98,97.45,8,2,0,5,N,0.42,8.11,3.54,4.5,4.33,4,MOL,-1,27,8,2,0,360.1335,NEUTRAL,C19H16N6O2
CHEMBL347580,No Data,SB-361058,Small molecule,0,320.35,204,463,2.13,58.64,4,1,0,3,N,0.88,6.82,No Data,5.11,4.58,2,MOL,-1,24,5,1,0,320.1161,NEUTRAL,C19H16N2O3
CHEMBL481510,GW853606X,GW853606X,Small molecule,0,496.31,206,466,5.55,70.14,5,1,1,5,N,0.39,No Data,2.04,3.65,3.65,4,MOL,-1,30,5,2,1,494.9864,NEUTRAL,C20H13BrF3N3O2S
CHEMBL260417,No Data,SB-725317,Small molecule,0,373.21,211,496,3.44,90.9,4,3,0,3,N,0.66,8.08,1.1,1.36,1.13,3,MOL,-1,23,6,3,0,372.0222,NEUTRAL,C16H13BrN4O2
CHEMBL101804,No Data,SB-743899,Small molecule,0,268.28,205,467,2.57,83.81,4,2,0,3,N,0.76,9.13,3.02,1.98,1.96,3,MOL,-1,20,6,2,0,268.096,NEUTRAL,C14H12N4O2
CHEMBL102936,No Data,SB-742865,Small molecule,0,370.43,205,466,2.95,103.95,4,3,0,5,N,0.64,8.27,1.14,2.46,2.38,3,MOL,-1,26,7,3,0,370.11,NEUTRAL,C18H18N4O3S
CHEMBL477978,GW782907X,GW782907X,Small molecule,0,390.53,205,465,4.86,58.2,2,2,0,6,N,0.74,12.68,No Data,5.51,5.51,2,MOL,-1,29,4,2,0,390.2307,NEUTRAL,C25H30N2O2
CHEMBL482326,GSK-1030062A,GSK1030062A,Small molecule,0,505.52,204,461,5.4,65.82,7,0,2,7,N,0.34,No Data,3.47,1.75,1.75,4,MOL,-1,35,7,0,2,505.1283,NEUTRAL,C24H22F3N3O4S
CHEMBL1888586,No Data,SB-223133,Small molecule,0,353.4,205,464,3.2,89.85,6,2,0,3,N,0.75,No Data,3.65,1.52,1.52,3,MOL,-1,26,6,3,0,353.1652,NEUTRAL,C19H20FN5O
CHEMBL237571,No Data,SB-633825,Small molecule,0,483.59,205,463,5.69,74.08,6,0,1,5,N,0.32,No Data,3.11,2.94,2.94,5,MOL,-1,35,6,0,1,483.1617,NEUTRAL,C28H25N3O3S
CHEMBL493326,GSK-317314A,GSK317314A,Small molecule,0,427.91,208,464,4.99,79.37,6,1,0,6,N,0.47,No Data,3.24,2.89,2.89,4,MOL,-1,29,6,2,0,427.0757,NEUTRAL,C21H18ClN3O3S
CHEMBL176857,GW442130X,GW442130X,Small molecule,0,502.16,205,462,5.48,71.45,4,2,2,3,N,0.47,7.04,0.24,4.26,3.75,3,MOL,-1,28,5,2,2,499.9371,NEUTRAL,C21H14Br2N2O3
CHEMBL514938,GSK-969786A,GSK969786A,Small molecule,0,451.91,207,466,7.07,60.18,6,1,1,6,N,0.3,No Data,5.08,5.98,5.98,5,MOL,-1,31,5,1,1,451.0558,NEUTRAL,C23H15ClFN3O2S
CHEMBL266707,No Data,SKF-86055,Small molecule,0,297.36,208,470,3.86,30.71,4,0,0,2,N,0.72,No Data,2.94,3.34,3.34,3,MOL,-1,21,3,0,0,297.0736,NEUTRAL,C16H12FN3S
CHEMBL275666,No Data,SB-253226,Small molecule,0,483.47,205,464,5.88,64.86,6,1,1,5,N,0.36,No Data,9.91,3.26,0.81,4,MOL,-1,35,6,1,1,483.1682,BASE,C25H21F4N5O
CHEMBL486124,GW874091X,GW874091X,Small molecule,0,352.44,205,463,2.23,67.58,7,1,0,6,N,0.69,No Data,7.21,2.4,2.18,3,MOL,-1,26,7,1,0,352.2012,NEUTRAL,C19H24N6O
CHEMBL103104,GW831090X,GW831090X,Small molecule,0,330.37,205,466,2.17,121.1,5,4,0,4,N,0.58,9.33,2.93,1.44,1.43,3,MOL,-1,23,7,5,0,330.0787,NEUTRAL,C15H14N4O3S
CHEMBL205765,GW794726X,GW794726X,Small molecule,0,487.92,205,464,5.34,89.03,6,2,1,6,N,0.36,13.43,3.12,6.04,6.04,4,MOL,-1,35,7,2,1,487.1211,NEUTRAL,C26H19ClFN5O2
CHEMBL417804,No Data,SB-251527,Small molecule,0,445.5,205,465,4.87,74.09,7,1,0,6,N,0.46,No Data,9.91,1.95,-0.51,4,MOL,-1,33,7,1,0,445.1914,BASE,C25H24FN5O2
CHEMBL1794056,GW301789X,GW301789X,Small molecule,0,303.32,205,462,2.67,71.84,5,2,0,3,N,0.73,12.52,2.66,1.31,1.31,3,MOL,-1,23,6,2,0,303.112,NEUTRAL,C17H13N5O
CHEMBL275168,No Data,SB-278539,Small molecule,0,449.92,205,467,5.52,64.86,6,1,1,5,N,0.43,No Data,9.91,2.75,0.31,4,MOL,-1,32,6,1,1,449.1419,BASE,C24H21ClFN5O
CHEMBL189353,GW809897X,GW809897X,Small molecule,0,571.49,206,465,6.48,116.32,7,3,2,8,N,0.22,12.72,6.58,3.98,3.92,4,MOL,-1,38,9,3,2,570.1008,NEUTRAL,C26H24Cl2N6O3S
CHEMBL179453,GW622055X,GW622055X,Small molecule,0,392.86,206,466,4.54,81.43,6,1,0,6,N,0.66,No Data,2.22,3.23,3.23,3,MOL,-1,26,6,1,0,392.0598,NEUTRAL,C18H17ClN2O4S
CHEMBL63728,GW644007X,GW644007X,Small molecule,0,326.36,204,461,2.57,97.45,8,2,0,5,N,0.55,8.28,3.81,3.4,3.25,3,MOL,-1,24,8,2,0,326.1491,NEUTRAL,C16H18N6O2
CHEMBL410072,GW301784X,GW301784X,Small molecule,0,445.5,205,467,0.85,162.98,7,5,0,7,N,0.4,8.59,No Data,1.02,0.99,2,MOL,-1,31,10,6,1,445.142,NEUTRAL,C20H23N5O5S
CHEMBL1794069,GSK-571989A,GSK571989A,Small molecule,0,525.07,208,464,5.7,82.61,7,1,2,8,N,0.32,No Data,9.06,3.45,1.8,4,MOL,-1,36,7,2,2,524.1649,BASE,C27H29ClN4O3S
CHEMBL218088,GW435821X,GW435821X,Small molecule,0,268.32,205,461,2.67,76.21,3,2,0,3,N,0.9,10.12,3.42,2.49,2.49,2,MOL,-1,20,4,3,0,268.1212,NEUTRAL,C16H16N2O2
CHEMBL531804,GW301888X,"GW301888X, TCMDC-137304",Small molecule,0,395.47,210,472,4.3,82.62,6,2,0,5,N,0.46,11.51,5.64,4.72,4.7,5,MOL,-1,30,7,2,0,395.1858,NEUTRAL,C23H21N7
CHEMBL1794052,GW405841X,GW405841X,Small molecule,0,453.09,204,464,4.2,75.63,4,2,0,2,N,0.53,5.88,No Data,4.37,2.84,2,MOL,-1,24,5,2,0,450.9055,ACID,C17H11Br2NO4
CHEMBL222419,GSK-237701A,GSK237701A,Small molecule,0,457.94,207,466,5,88.6,7,1,0,7,N,0.42,No Data,3.4,2.31,2.31,4,MOL,-1,31,7,2,0,457.0863,NEUTRAL,C22H20ClN3O4S
CHEMBL409892,GW305178X,GW305178X,Small molecule,0,367.39,212,475,1.65,126.54,6,3,0,3,N,0.61,7.22,4.52,1.51,1.11,3,MOL,-1,26,8,4,0,367.0739,NEUTRAL,C17H13N5O3S
CHEMBL275724,No Data,SB-242718,Small molecule,0,458.5,205,465,3.96,107.95,7,2,0,6,N,0.45,No Data,9.91,0.87,-1.57,4,MOL,-1,34,8,3,0,458.1867,BASE,C25H23FN6O2
CHEMBL1789963,GW406108X,GW406108X,Small molecule,0,400.22,204,463,5.02,79.54,4,2,1,3,N,0.48,6,No Data,4.48,3.07,3,MOL,-1,27,5,2,1,399.0065,ACID,C20H11Cl2NO4
CHEMBL208437,GW711782X,GW711782X,Small molecule,0,408.47,207,467,4.48,81.51,6,1,0,7,N,0.43,8.72,6.7,2.61,2.54,5,MOL,-1,31,7,1,0,408.1699,NEUTRAL,C24H20N6O
CHEMBL513330,GW781673X,GW781673X,Small molecule,0,336.79,205,464,3.45,68,6,1,0,4,N,0.62,No Data,2.44,3.34,3.34,4,MOL,-1,24,6,1,0,336.089,NEUTRAL,C17H13ClN6
CHEMBL103098,No Data,SB-738482,Small molecule,0,356.41,205,465,2.23,117.94,4,3,0,4,N,0.66,10.01,0.61,2.02,2.02,3,MOL,-1,25,7,4,0,356.0943,NEUTRAL,C17H16N4O3S
CHEMBL183993,GW811761X,GW811761X,Small molecule,0,400.36,205,464,4.35,77.23,7,1,0,5,N,0.54,No Data,1.44,4.01,4.01,4,MOL,-1,29,7,1,0,400.1259,NEUTRAL,C19H15F3N6O
CHEMBL419903,No Data,SB-735467,Small molecule,0,295.32,205,466,3.72,57.78,2,2,0,3,N,0.77,12.97,1.05,3.45,3.45,3,MOL,-1,22,4,2,0,295.1121,NEUTRAL,C17H14FN3O
CHEMBL1096626,GSK-938890A,GSK938890A,Small molecule,0,447.5,207,467,2.28,151.13,10,3,0,6,N,0.38,13.11,7.63,2.63,2.34,4,MOL,-1,33,10,5,0,447.2019,NEUTRAL,C23H25N7O3
CHEMBL185238,GW786460X,GW786460X,Small molecule,0,287.33,213,491,3.39,67.35,4,1,0,2,N,0.61,10.05,2.82,2.45,2.45,4,MOL,-1,22,5,1,0,287.1171,NEUTRAL,C17H13N5
CHEMBL361894,GW806290X,GW806290X,Small molecule,0,346.35,206,468,2.7,86.46,8,1,0,3,N,0.61,No Data,1.91,2.68,2.68,4,MOL,-1,26,8,1,0,346.1178,NEUTRAL,C18H14N6O2
CHEMBL271595,GW297361X,GW297361X,Small molecule,0,372.43,204,462,2.35,114.18,6,3,0,3,N,0.61,9.99,3.16,1.22,1.22,3,MOL,-1,25,7,4,0,372.0351,NEUTRAL,C16H12N4O3S2
CHEMBL272028,GW300660X,GW300660X,Small molecule,0,453.48,205,467,0.8,171.43,7,5,0,7,N,0.33,8.58,7.16,0.58,0.36,3,MOL,-1,32,11,6,2,453.1219,NEUTRAL,C20H19N7O4S
CHEMBL365297,GW827099X,GW827099X,Small molecule,0,440.44,205,466,4.51,86.46,8,1,0,4,N,0.44,No Data,1.58,3.96,3.96,5,MOL,-1,33,8,1,0,440.1397,NEUTRAL,C24H17FN6O2
CHEMBL271594,GW300653X,GW300653X,Small molecule,0,358.42,204,465,2.23,113.65,5,3,0,4,N,0.73,9.96,No Data,2.62,2.61,2,MOL,-1,25,7,4,0,358.11,NEUTRAL,C17H18N4O3S
CHEMBL373073,GW642138X,GW642138X,Small molecule,0,241.25,205,466,2.48,74.17,5,1,0,2,N,0.75,No Data,4.73,1.96,1.96,3,MOL,-1,18,5,2,0,241.0851,NEUTRAL,C13H11N3O2
CHEMBL418348,No Data,SB-254169,Small molecule,0,493.56,204,463,4.27,99,8,1,0,6,N,0.43,No Data,9.91,0.87,-1.57,4,MOL,-1,35,8,1,0,493.1584,BASE,C25H24FN5O3S
CHEMBL522709,GSK-317315A,GSK317315A,Small molecule,0,461.47,208,465,5.35,79.37,6,1,1,6,N,0.42,No Data,3.24,2.18,2.18,4,MOL,-1,32,6,2,1,461.1021,NEUTRAL,C22H18F3N3O3S
CHEMBL270544,GW396574X,GW396574X,Small molecule,0,370.43,205,467,2.53,113.65,5,3,0,4,N,0.72,9.49,No Data,3.07,3.05,2,MOL,-1,26,7,4,0,370.11,NEUTRAL,C18H18N4O3S
CHEMBL202891,GW679410X,GW679410X,Small molecule,0,328.38,207,465,4.21,63.69,4,1,0,4,N,0.61,8.75,4.38,3.11,3.1,4,MOL,-1,25,5,1,0,328.1324,NEUTRAL,C20H16N4O
CHEMBL483747,GSK-980961A,GSK980961A,Small molecule,0,390.46,205,467,4.13,82.28,4,1,0,5,N,0.56,9.86,5.2,2.68,2.67,4,MOL,-1,28,5,2,0,390.1038,NEUTRAL,C22H18N2O3S
CHEMBL179311,GW580509X,GW580509X,Small molecule,0,388.45,206,464,3.9,90.66,7,1,0,7,N,0.66,No Data,2.49,2.57,2.57,3,MOL,-1,27,7,1,0,388.1093,NEUTRAL,C19H20N2O5S
CHEMBL399410,No Data,SB-437013,Small molecule,0,453.57,206,469,5.72,57.01,5,0,1,5,N,0.34,No Data,3.06,2.17,2.17,5,MOL,-1,33,5,0,1,453.1511,NEUTRAL,C27H23N3O2S
CHEMBL194062,GW572399X,GW572399X,Small molecule,0,315.35,205,463,2.73,98.22,5,2,0,4,N,0.77,9.97,2.21,2.38,2.38,3,MOL,-1,22,6,3,0,315.0678,NEUTRAL,C15H13N3O3S
CHEMBL270054,GW280670X,GW280670X,Small molecule,0,350.79,205,469,1.76,113.65,5,3,0,3,N,0.73,8.74,No Data,2.16,2.08,2,MOL,-1,23,7,4,0,350.024,NEUTRAL,C14H11ClN4O3S
CHEMBL428877,No Data,SB-242719,Small molecule,0,443.53,205,466,5.43,64.86,6,1,1,6,N,0.43,No Data,9.91,3.17,0.71,4,MOL,-1,33,6,1,1,443.2121,BASE,C26H26FN5O
CHEMBL205966,GW659893X,GW659893X,Small molecule,0,444.9,205,465,5.57,73.06,5,2,1,5,N,0.31,No Data,3.57,5.97,5.97,4,MOL,-1,32,5,3,1,444.1153,NEUTRAL,C25H18ClFN4O
CHEMBL516248,GW804482X,GW804482X,Small molecule,0,379.44,205,463,3.77,79.37,6,1,0,6,N,0.55,No Data,3.25,2.31,2.31,4,MOL,-1,27,6,2,0,379.0991,NEUTRAL,C20H17N3O3S
CHEMBL471789,GSK-1030059A,GSK1030059A,Small molecule,0,476.48,205,464,5.9,62.58,7,0,1,7,N,0.31,No Data,3.31,2.39,2.39,4,MOL,-1,33,6,0,1,476.1018,NEUTRAL,C23H19F3N2O4S
CHEMBL160876,No Data,SB-360741,Small molecule,0,377.18,204,461,3.17,95.5,4,3,0,4,N,0.71,2.88,No Data,3.45,-0.06,2,MOL,-1,25,6,3,0,376.0018,ACID,C17H10Cl2N2O4
CHEMBL218969,GW445015X,GW445015X,Small molecule,0,252.32,205,461,2.92,41.99,2,1,0,3,Y,0.91,No Data,3.08,2.37,2.37,2,MOL,-1,19,3,1,0,252.1263,NEUTRAL,C16H16N2O
CHEMBL215993,GW284372X,GW284372X,Small molecule,0,393.45,205,464,6.21,60.18,5,1,1,6,N,0.37,No Data,5.52,6.54,6.53,5,MOL,-1,30,5,1,1,393.1477,NEUTRAL,C25H19N3O2
CHEMBL269450,No Data,SB-242717,Small molecule,0,433.46,205,467,5,64.86,6,1,1,5,N,0.48,No Data,9.92,2.21,-0.25,4,MOL,-1,32,6,1,1,433.1714,BASE,C24H21F2N5O
CHEMBL191705,GW621431X,GW621431X,Small molecule,0,400.46,205,462,4.09,98.5,7,1,0,7,N,0.6,No Data,2.22,2.3,2.3,3,MOL,-1,28,7,1,0,400.1093,NEUTRAL,C20H20N2O5S
CHEMBL272165,GW300657X,GW300657X,Small molecule,0,450.48,205,466,1.43,155.64,7,4,0,6,N,0.42,8.55,5.04,1.07,1.04,3,MOL,-1,32,10,5,0,450.111,NEUTRAL,C21H18N6O4S
CHEMBL65884,GW817396X,GW817396X,Small molecule,0,362.37,206,465,3.41,77.22,7,1,0,5,N,0.43,8.12,3.42,5.29,5.16,4,MOL,-1,27,7,1,0,362.1291,NEUTRAL,C19H15FN6O
CHEMBL269985,GW701032X,GW701032X,Small molecule,0,413.48,205,463,4.96,77.25,5,1,0,6,N,0.48,No Data,No Data,4.25,4.25,4,MOL,-1,31,6,1,0,413.1739,NEUTRAL,C25H23N3O3
CHEMBL272414,GW416469X,GW416469X,Small molecule,0,358.42,204,464,1.81,104.53,5,3,0,4,N,0.72,10.06,5.34,0.35,0.34,2,MOL,-1,25,7,4,0,358.11,NEUTRAL,C17H18N4O3S
CHEMBL517171,GSK-1713088A,GSK1713088A,Small molecule,0,568.05,206,467,5.6,130.42,8,4,2,10,N,0.19,13.07,8.51,5.28,4.07,4,MOL,-1,40,10,5,2,567.2161,BASE,C28H31ClFN7O3
CHEMBL359999,GW801372X,GW801372X,Small molecule,0,348.37,205,466,2.95,86.46,8,1,0,5,N,0.59,No Data,1.59,3.38,3.38,4,MOL,-1,26,8,1,0,348.1335,NEUTRAL,C18H16N6O2
CHEMBL318728,GW549390X,GW549390X,Small molecule,0,236.27,207,467,4.09,38.06,3,1,0,3,N,0.74,No Data,3.58,3.66,3.66,3,MOL,-1,18,3,1,0,236.095,NEUTRAL,C15H12N2O
CHEMBL426800,GW785404X,GW785404X,Small molecule,0,247.23,205,462,1.83,82.76,6,1,0,2,N,0.75,No Data,1.87,1.82,1.82,3,MOL,-1,18,6,2,0,247.0869,NEUTRAL,C11H10FN5O
CHEMBL273611,No Data,SB-250715,Small molecule,0,459.48,205,467,4.59,83.32,8,1,0,5,N,0.47,No Data,9.91,1.74,-0.72,4,MOL,-1,34,8,1,0,459.1707,BASE,C25H22FN5O3
CHEMBL206544,GW682841X,GW682841X,Small molecule,0,340.43,206,464,5.32,54.46,3,1,1,4,N,0.55,8.77,4.39,4.7,4.7,4,MOL,-1,26,4,1,1,340.1688,NEUTRAL,C22H20N4
CHEMBL468963,GW779439X,"GW779439X, TCMDC-138687",Small molecule,0,454.46,210,484,3.7,74.48,8,1,0,4,N,0.5,No Data,7.6,2.62,2.31,4,MOL,-1,33,8,1,0,454.1841,NEUTRAL,C22H21F3N8
CHEMBL273564,GW795493X,GW795493X,Small molecule,0,413.36,206,470,5.13,106.07,5,3,1,3,N,0.43,13.68,4.78,3.86,3.86,4,MOL,-1,30,7,4,1,413.11,NEUTRAL,C20H14F3N5O2
CHEMBL231013,GSK-605714A,GSK605714A,Small molecule,0,228.25,205,466,1.86,65.21,3,1,0,3,N,0.87,No Data,5.45,0.11,0.11,2,MOL,-1,17,4,2,0,228.0899,NEUTRAL,C13H12N2O2
CHEMBL232601,GW846105X,GW846105X,Small molecule,0,401.49,208,478,4.71,73.2,4,1,0,3,N,0.69,11.43,No Data,3.29,3.29,3,MOL,-1,29,5,1,0,401.1198,NEUTRAL,C23H19N3O2S
CHEMBL270164,GW607117X,GW607117X,Small molecule,0,394.43,206,473,5.14,91.81,5,1,1,4,N,0.52,12.8,No Data,3.97,3.97,4,MOL,-1,30,6,1,1,394.143,NEUTRAL,C24H18N4O2
CHEMBL458438,GSK-1511931A,GSK1511931A,Small molecule,0,508.63,205,466,5.53,94.23,8,3,2,7,N,0.26,13.36,8.28,4.54,3.45,5,MOL,-1,38,9,3,2,508.2699,NEUTRAL,C29H32N8O
CHEMBL103115,GW831091X,GW831091X,Small molecule,0,348.36,204,463,2.31,121.1,5,4,0,4,N,0.58,7.85,2.11,1.53,1.36,3,MOL,-1,24,7,5,0,348.0692,NEUTRAL,C15H13FN4O3S
CHEMBL381604,GW799251X,GW799251X,Small molecule,0,446.87,205,465,4.36,98.84,7,2,0,5,N,0.44,No Data,3.84,4.97,4.97,4,MOL,-1,32,7,3,0,446.1058,NEUTRAL,C23H16ClFN6O
CHEMBL1909402,GW568326X,GW568326X,Small molecule,0,373.31,204,461,4.2,69.1,5,1,0,2,N,0.53,No Data,2.72,2.21,2.21,4,MOL,-1,27,5,2,0,373.0951,NEUTRAL,C18H11F4N5
CHEMBL446024,GW683003X,GW683003X,Small molecule,0,294.24,205,466,2.16,68,6,1,0,3,N,0.8,No Data,1.72,2.26,2.26,3,MOL,-1,21,6,1,0,294.0841,NEUTRAL,C12H9F3N6
CHEMBL384073,GSK-180736A,GSK180736A,Small molecule,0,365.37,212,490,2.97,98.91,3,4,0,3,N,0.57,11.3,0.9,2,2,3,MOL,-1,27,7,4,0,365.1288,NEUTRAL,C19H16FN5O2
CHEMBL475761,GW784684X,GW784684X,Small molecule,0,564.09,205,913,6.81,66.66,8,1,2,8,N,0.22,No Data,7.53,5.13,4.72,5,MOL,-1,39,7,1,2,563.1558,NEUTRAL,C29H27ClFN5O2S
CHEMBL188257,GW827106X,GW827106X,Small molecule,0,452.47,205,463,4.38,95.69,9,1,0,5,N,0.42,No Data,1.66,3.84,3.84,5,MOL,-1,34,9,1,0,452.1597,NEUTRAL,C25H20N6O3
CHEMBL441702,GSK-270822A,GSK270822A,Small molecule,0,396.45,208,473,4.23,86.88,3,3,0,3,N,0.48,12.78,0.9,3.99,3.99,4,MOL,-1,30,6,3,0,396.1586,NEUTRAL,C24H20N4O2
CHEMBL466412,GSK-238063A,GSK238063A,Small molecule,0,566.06,205,463,5.59,88.61,8,2,2,6,N,0.29,No Data,6.81,6.59,6.53,4,MOL,-1,39,8,2,2,565.1351,NEUTRAL,C28H25ClFN5O3S
CHEMBL237570,No Data,SB-630812,Small molecule,0,467.59,208,486,6.02,57.01,5,0,1,5,N,0.32,No Data,3.13,2.87,2.87,5,MOL,-1,34,5,0,1,467.1667,NEUTRAL,C28H25N3O2S
CHEMBL516908,GW796920X,GW796920X,Small molecule,0,362.47,205,463,4.54,58.2,2,2,0,7,N,0.76,No Data,0.71,4.37,4.37,2,MOL,-1,27,4,2,0,362.1994,NEUTRAL,C23H26N2O2
CHEMBL365286,GW549034X,GW549034X,Small molecule,0,229.24,205,467,1.69,82.76,6,1,0,2,N,0.72,No Data,2.64,1.76,1.76,3,MOL,-1,17,6,2,0,229.0964,NEUTRAL,C11H11N5O
CHEMBL359963,GW805758X,GW805758X,Small molecule,0,330.4,205,470,4.05,68,6,1,0,4,N,0.61,No Data,2.13,3.94,3.94,4,MOL,-1,25,6,1,0,330.1593,NEUTRAL,C19H18N6
CHEMBL495902,GW820759X,GW820759X,Small molecule,0,291.35,205,461,3.43,57.78,2,2,0,3,N,0.78,13.57,0.87,3.42,3.42,3,MOL,-1,22,4,2,0,291.1372,NEUTRAL,C18H17N3O
CHEMBL396107,GW795486X,GW795486X,Small molecule,0,481.36,206,470,6.15,106.07,5,3,1,3,N,0.3,13.13,4.78,4.53,4.53,4,MOL,-1,34,7,4,1,481.0973,NEUTRAL,C21H13F6N5O2
CHEMBL524901,GW683109X,GW683109X,Small molecule,0,339.4,205,465,1.32,80.47,8,1,0,6,N,0.68,No Data,7.29,0.94,0.7,3,MOL,-1,25,8,1,0,339.1808,NEUTRAL,C17H21N7O
CHEMBL69757,GW817394X,GW817394X,Small molecule,0,362.37,204,461,3.41,77.22,7,1,0,5,N,0.43,7.97,3.44,5.11,4.94,4,MOL,-1,27,7,1,0,362.1291,NEUTRAL,C19H15FN6O
CHEMBL517666,GW796921X,GW796921X,Small molecule,0,336.44,204,462,4.15,58.2,2,2,0,6,N,0.83,No Data,0.72,3.98,3.98,2,MOL,-1,25,4,2,0,336.1838,NEUTRAL,C21H24N2O2
CHEMBL187081,PYRAZOLOPYRIDAZINE 1,"GW810576X, Pyrazolopyridazine 1",Small molecule,0,318.34,206,470,2.94,77.23,7,1,0,4,N,0.62,No Data,1.95,2.92,2.92,4,MOL,-1,24,7,1,0,318.1229,NEUTRAL,C17H14N6O
CHEMBL506414,GW684626B,GW684626B,Small molecule,0,467.98,208,468,7.53,47.04,6,1,1,6,N,0.28,No Data,5.02,6.08,6.08,5,MOL,-1,31,4,1,1,467.0329,NEUTRAL,C23H15ClFN3OS2
CHEMBL374060,GW439255X,GW439255X,Small molecule,0,325.41,205,461,4.53,59.42,4,1,0,3,N,0.84,10.11,3.06,5.03,5.02,2,MOL,-1,24,4,1,0,325.1678,NEUTRAL,C20H23NO3
CHEMBL188240,No Data,SB-737198,Small molecule,0,274.28,205,465,1.48,104.88,8,1,0,4,N,0.77,No Data,3.62,1.75,1.75,3,MOL,-1,20,8,2,0,274.1178,NEUTRAL,C12H14N6O2
CHEMBL175321,No Data,GR-105659X,Small molecule,0,263.3,205,462,3.2,49.33,2,2,0,0,N,0.72,10.01,0.24,3.2,3.2,2,MOL,-1,20,3,2,0,263.0946,NEUTRAL,C17H13NO2
CHEMBL330422,No Data,SB-226879,Small molecule,0,396.47,205,464,2.82,79.1,7,2,0,6,N,0.67,No Data,8.66,1.84,0.59,3,MOL,-1,29,7,2,0,396.2074,BASE,C21H25FN6O
CHEMBL243907,GW673715X,GW673715X,Small molecule,0,445.48,205,466,5.74,117.37,5,4,1,6,N,0.3,10.37,5.51,4.52,4.51,4,MOL,-1,33,9,4,1,445.175,NEUTRAL,C24H23N5O4
CHEMBL275798,No Data,SB-239272,Small molecule,0,415.47,205,468,4.86,64.86,6,1,0,5,N,0.5,No Data,9.91,2.22,-0.23,4,MOL,-1,31,6,1,0,415.1808,BASE,C24H22FN5O
CHEMBL160937,No Data,SB-390527,Small molecule,0,314.73,205,466,2.53,78.43,4,3,0,3,N,0.76,7.04,No Data,3.49,3.01,2,MOL,-1,22,5,3,0,314.0458,NEUTRAL,C16H11ClN2O3
CHEMBL1794058,GW278681X,GW278681X,Small molecule,0,329.38,205,463,2.46,87.3,4,3,0,4,N,0.75,9.04,0.11,1.4,1.38,2,MOL,-1,23,6,3,0,329.0834,NEUTRAL,C16H15N3O3S
CHEMBL212250,GW615311X,GW615311X,Small molecule,0,644.12,205,463,8,103.55,8,1,2,12,N,0.13,No Data,5.38,7.07,7.07,6,MOL,-1,45,8,1,2,643.1344,NEUTRAL,C34H27ClFN3O5S
CHEMBL1096290,GSK-1000163A,GSK1000163A,Small molecule,0,395.47,208,471,1.8,119.12,9,2,0,4,N,0.64,13.43,8.12,2.78,1.93,3,MOL,-1,29,9,3,0,395.207,NEUTRAL,C20H25N7O2
CHEMBL234838,GW572738X,GW572738X,Small molecule,0,300.36,207,465,3.89,52.89,3,1,0,2,N,0.91,11.33,No Data,2.93,2.93,2,MOL,-1,21,3,1,0,300.0733,NEUTRAL,C16H13FN2OS
CHEMBL207410,GW772405X,GW772405X,Small molecule,0,486.93,205,466,5.35,76.14,5,2,1,6,N,0.36,No Data,3.43,6.06,6.06,4,MOL,-1,35,6,2,1,486.1259,NEUTRAL,C27H20ClFN4O2
CHEMBL1794057,GW284408X,GW284408X,Small molecule,0,292.3,205,462,2.26,89.78,3,4,0,2,N,0.55,11.7,1.23,1.47,1.47,3,MOL,-1,22,6,4,0,292.096,NEUTRAL,C16H12N4O2
CHEMBL188784,GW828529X,GW828529X,Small molecule,0,468.39,204,461,5.89,68,6,1,1,4,N,0.33,No Data,0.78,4.37,4.37,5,MOL,-1,34,6,1,1,468.1122,NEUTRAL,C23H13F5N6
CHEMBL408732,No Data,SB-711237,Small molecule,0,308.34,205,465,2.98,79.9,4,2,0,4,N,0.78,9.3,3.29,2.09,2.08,3,MOL,-1,23,6,2,0,308.1273,NEUTRAL,C17H16N4O2
CHEMBL188247,GW832467X,GW832467X,Small molecule,0,504.47,205,466,5.7,86.46,8,1,2,4,N,0.34,No Data,1.47,4.23,4.23,5,MOL,-1,37,8,1,2,504.1522,NEUTRAL,C26H19F3N6O2
CHEMBL218859,GW445012X,GW445012X,Small molecule,0,266.34,205,462,3.23,41.99,2,1,0,3,N,0.93,No Data,3.09,2.92,2.92,2,MOL,-1,20,3,1,0,266.1419,NEUTRAL,C17H18N2O
CHEMBL384407,GW616030X,GW616030X,Small molecule,0,620.11,207,465,6.38,121.35,9,1,2,12,N,0.16,No Data,5.4,6.47,6.46,5,MOL,-1,43,9,1,2,619.1456,NEUTRAL,C31H27ClFN5O4S
CHEMBL14112,SB-210313,SB-210313,Small molecule,0,366.44,210,469,3.47,43.18,5,0,0,6,N,0.67,No Data,7.29,1.91,1.64,3,MOL,-1,27,5,0,0,366.1856,NEUTRAL,C21H23FN4O
CHEMBL477069,GSK-1173862A,GSK1173862A,Small molecule,0,517.61,205,466,5.28,121.19,7,4,2,9,N,0.24,13.32,9.39,5.08,2.97,4,MOL,-1,38,9,5,2,517.2602,BASE,C28H32FN7O2
CHEMBL1794067,GSK-978744A,GSK978744A,Small molecule,0,487.97,207,464,3.71,119.83,8,3,0,9,N,0.33,13.44,3.14,1.66,1.66,4,MOL,-1,33,8,4,0,487.0969,NEUTRAL,C23H22ClN3O5S
CHEMBL220465,GSK-248233A,GSK248233A,Small molecule,0,484.52,207,473,4.19,137.22,10,2,0,7,N,0.35,13.85,4.64,2.67,2.67,5,MOL,-1,36,11,3,1,484.1971,NEUTRAL,C25H24N8O3
CHEMBL160333,No Data,SB-409514,Small molecule,0,349.17,205,466,3.18,78.43,4,3,0,3,N,0.59,7,No Data,4.05,3.51,2,MOL,-1,23,5,3,0,348.0068,NEUTRAL,C16H10Cl2N2O3
CHEMBL218932,GW432441X,GW432441X,Small molecule,0,339.4,205,460,2.95,80.32,4,2,0,4,N,0.9,12.27,3.16,2.04,2.04,2,MOL,-1,25,6,2,0,339.1583,NEUTRAL,C19H21N3O3
CHEMBL463931,GSK-2163632A,GSK2163632A,Small molecule,0,548.67,206,467,4.19,141.5,9,4,1,8,N,0.26,13.47,7.38,3.36,2.84,4,MOL,-1,39,11,5,2,548.2318,NEUTRAL,C27H32N8O3S
CHEMBL517507,GW782912X,GW782912X,Small molecule,0,362.47,205,465,4.08,58.2,2,2,0,6,N,0.81,12.68,No Data,4.46,4.46,2,MOL,-1,27,4,2,0,362.1994,NEUTRAL,C23H26N2O2
CHEMBL257113,GW734508X,GW734508X,Small molecule,0,333.39,205,463,3.85,68.02,4,1,0,5,N,0.77,No Data,No Data,3.65,3.65,3,MOL,-1,25,5,1,0,333.1477,NEUTRAL,C20H19N3O2
CHEMBL514261,GSK-1819799A,GSK1819799A,Small molecule,0,519.58,205,464,4.82,118.64,8,4,1,8,N,0.26,2.36,8.28,5.8,3.09,4,MOL,-1,38,10,4,1,519.2394,ACID,C27H30FN7O3
CHEMBL402108,GW708893X,GW708893X,Small molecule,0,417.9,205,464,5.6,68.02,4,1,1,5,N,0.46,No Data,No Data,4.95,4.95,4,MOL,-1,30,5,1,1,417.1244,NEUTRAL,C24H20ClN3O2
CHEMBL346551,No Data,SKF-62604,Small molecule,0,264.28,205,465,2.17,58.2,3,2,0,3,Y,0.84,6.81,No Data,3.55,2.88,2,MOL,-1,20,4,2,0,264.0899,NEUTRAL,C16H12N2O2
CHEMBL251549,GW782612X,GW782612X,Small molecule,0,345.37,205,462,2.94,121.61,6,4,0,5,N,0.44,No Data,5.47,2.21,2.2,4,MOL,-1,26,8,5,0,345.1338,NEUTRAL,C18H15N7O
CHEMBL268885,GSK-711701A,GSK711701A,Small molecule,0,416.89,205,466,3.43,112.48,4,2,0,5,N,0.66,9.61,No Data,1.32,1.32,3,MOL,-1,28,6,4,0,416.0598,NEUTRAL,C20H17ClN2O4S
CHEMBL188794,GW829115X,GW829115X,Small molecule,0,496.88,205,466,6.28,77.23,7,1,1,5,N,0.31,No Data,1.23,5.88,5.88,5,MOL,-1,35,7,1,1,496.1026,NEUTRAL,C24H16ClF3N6O
CHEMBL156263,No Data,SB-376719,Small molecule,0,294.31,204,461,2.17,67.43,4,2,0,4,N,0.85,6.85,No Data,4.11,3.61,2,MOL,-1,22,5,2,0,294.1004,NEUTRAL,C17H14N2O3
CHEMBL517123,GSK-182497A,GSK182497A,Small molecule,0,566.06,209,474,5.59,88.61,8,2,2,6,N,0.29,No Data,6.81,6.59,6.53,4,MOL,-1,39,8,2,2,565.1351,NEUTRAL,C28H25ClFN5O3S
CHEMBL1880739,GW305074X,GW305074X,Small molecule,0,520.95,210,471,5.01,49.33,2,2,2,1,N,0.41,5.86,No Data,5.63,3.99,2,MOL,-1,21,3,2,2,518.7967,ACID,C15H8Br2INO2
CHEMBL230597,GSK-586581A,GSK586581A,Small molecule,0,381.46,205,467,3.07,115.28,4,3,0,5,N,0.59,8.17,2.33,1.64,1.57,3,MOL,-1,27,6,5,0,381.1147,NEUTRAL,C20H19N3O3S
CHEMBL1794059,GW275616X,GW275616X,Small molecule,0,315.35,205,463,1.74,101.29,4,3,0,3,N,0.75,10.14,0.06,0.95,0.95,2,MOL,-1,22,6,4,0,315.0678,NEUTRAL,C15H13N3O3S
CHEMBL524057,GW683768X,GW683768X,Small molecule,0,280.34,205,464,2.32,68,6,1,0,4,N,0.79,No Data,2.85,2.32,2.32,3,MOL,-1,21,6,1,0,280.1436,NEUTRAL,C15H16N6
CHEMBL1909397,GW279320X,GW279320X,Small molecule,0,364.81,204,460,2.06,113.65,5,3,0,3,N,0.72,8.76,No Data,2.61,2.54,2,MOL,-1,24,7,4,0,364.0397,NEUTRAL,C15H13ClN4O3S
CHEMBL156524,No Data,SB-333612,Small molecule,0,324.77,204,461,2.77,49.41,3,1,0,2,N,0.86,6.66,No Data,5.42,4.78,2,MOL,-1,23,4,1,0,324.0666,NEUTRAL,C18H13ClN2O2
CHEMBL479038,GW806776X,GW806776X,Small molecule,0,334.42,205,465,3.39,58.2,2,2,0,6,N,0.85,No Data,No Data,3.27,3.27,2,MOL,-1,25,4,2,0,334.1681,NEUTRAL,C21H22N2O2
CHEMBL185710,No Data,SB-738561,Small molecule,0,230.23,204,461,1.08,95.65,7,1,0,2,N,0.71,No Data,4.5,0.52,0.52,3,MOL,-1,17,7,2,0,230.0916,NEUTRAL,C10H10N6O
CHEMBL407113,No Data,SB-741905,Small molecule,0,356.41,205,470,2.23,117.94,4,3,0,4,N,0.66,9.98,0.83,2.13,2.13,3,MOL,-1,25,7,4,0,356.0943,NEUTRAL,C17H16N4O3S
CHEMBL1885746,GW561436X,GW561436X,Small molecule,0,370.39,205,463,4.04,78.9,6,1,0,4,N,0.59,No Data,2.66,2.49,2.49,4,MOL,-1,28,6,1,0,370.1342,NEUTRAL,C21H15FN6
CHEMBL261129,No Data,SB-732881,Small molecule,0,430.31,205,471,3.37,94.14,5,3,0,3,N,0.59,7.93,9,1.48,0.24,3,MOL,-1,27,7,3,0,429.08,BASE,C19H20BrN5O2
CHEMBL456252,GSK-2110236A,GSK2110236A,Small molecule,0,520.62,206,467,3.45,141.5,9,4,1,8,N,0.28,13.47,7.38,3.09,2.57,4,MOL,-1,37,11,5,2,520.2005,NEUTRAL,C25H28N8O3S
CHEMBL271843,GW275944X,GW275944X,Small molecule,0,330.37,205,469,1.41,113.65,5,3,0,3,N,0.74,9.69,No Data,2.02,2.01,2,MOL,-1,23,7,4,0,330.0787,NEUTRAL,C15H14N4O3S
CHEMBL442363,GW809885X,GW809885X,Small molecule,0,373.42,204,460,3.36,90.11,8,1,0,5,N,0.43,7.8,4.9,2.78,2.65,4,MOL,-1,28,8,1,0,373.1651,NEUTRAL,C20H19N7O
CHEMBL306865,GW784752X,GW784752X,Small molecule,0,345.37,206,466,2.67,90.11,8,1,0,5,N,0.44,7.63,4.59,3.78,3.6,4,MOL,-1,26,8,1,0,345.1338,NEUTRAL,C18H15N7O
CHEMBL191105,No Data,SB-751399,Small molecule,0,287.33,204,463,1.02,98.89,8,1,0,5,N,0.75,No Data,9.36,0.33,-1.72,3,MOL,-1,21,8,2,0,287.1495,BASE,C13H17N7O
CHEMBL1909398,GW282536X,GW282536X,Small molecule,0,330.37,205,464,1.41,113.65,5,3,0,3,N,0.74,9.64,No Data,1.99,1.97,2,MOL,-1,23,7,4,0,330.0787,NEUTRAL,C15H14N4O3S
CHEMBL237347,GW559768X,GW559768X,Small molecule,0,328.39,207,477,3.4,79.29,5,2,0,3,N,0.77,9.91,5.75,1.09,1.09,3,MOL,-1,23,5,2,0,328.0882,NEUTRAL,C17H16N2O3S
CHEMBL397570,No Data,SB-347804,Small molecule,0,300.36,207,466,3.89,52.89,3,1,0,2,N,0.91,12.07,No Data,3.58,3.58,2,MOL,-1,21,3,1,0,300.0733,NEUTRAL,C16H13FN2OS
CHEMBL189459,GW833373X,GW833373X,Small molecule,0,396.43,205,466,5.04,68,6,1,1,4,N,0.46,No Data,1.69,4.12,4.12,5,MOL,-1,30,6,1,1,396.1499,NEUTRAL,C23H17FN6
CHEMBL1096634,GSK-943949A,GSK943949A,Small molecule,0,447.5,207,467,2.28,151.13,10,3,0,6,N,0.38,13.11,7.63,2.63,2.34,4,MOL,-1,33,10,5,0,447.2019,NEUTRAL,C23H25N7O3
CHEMBL385426,GW450241X,GW450241X,Small molecule,0,294.4,205,461,3.74,41.99,2,1,0,5,N,0.91,No Data,3.09,3.94,3.94,2,MOL,-1,22,3,1,0,294.1732,NEUTRAL,C19H22N2O
CHEMBL485745,GW434756X,GW434756X,Small molecule,0,289.31,210,489,4.2,30.19,3,0,0,2,N,0.55,No Data,4.21,2.72,2.72,4,MOL,-1,22,3,0,0,289.1015,NEUTRAL,C18H12FN3
CHEMBL305477,GW829874X,GW829874X,Small molecule,0,374.4,204,461,3.28,86.45,8,1,0,6,N,0.41,8.22,3.47,5.01,4.91,4,MOL,-1,28,8,1,0,374.1491,NEUTRAL,C20H18N6O2
CHEMBL507329,GW869810X,GW869810X,Small molecule,0,608.1,210,483,5.36,97.84,9,2,2,6,N,0.28,No Data,6.89,5.95,5.88,4,MOL,-1,42,9,2,2,607.1456,NEUTRAL,C30H27ClFN5O4S
CHEMBL521806,GSK-237700A,GSK237700A,Small molecule,0,457.94,206,462,5,88.6,7,1,0,7,N,0.42,No Data,3.4,2.31,2.31,4,MOL,-1,31,7,2,0,457.0863,NEUTRAL,C22H20ClN3O4S
CHEMBL519881,GW861893X,GW861893X,Small molecule,0,483.53,205,464,5.66,92.03,9,1,1,8,N,0.3,No Data,3.85,5.67,5.67,5,MOL,-1,36,9,1,1,483.1907,NEUTRAL,C27H25N5O4
CHEMBL434729,GW829906X,GW829906X,Small molecule,0,446.44,205,466,5.92,68,6,1,1,4,N,0.37,No Data,1.47,5.42,5.42,5,MOL,-1,33,6,1,1,446.1467,NEUTRAL,C24H17F3N6
CHEMBL103080,No Data,SB-742864,Small molecule,0,370.43,205,464,2.95,103.95,4,3,0,5,N,0.64,8.25,1,2.5,2.42,3,MOL,-1,26,7,3,0,370.11,NEUTRAL,C18H18N4O3S
CHEMBL476259,GSK-1326255A,GSK1326255A,Small molecule,0,517.61,205,466,5.28,121.19,7,4,2,9,N,0.24,13.32,9.24,5.16,3.18,4,MOL,-1,38,9,5,2,517.2602,BASE,C28H32FN7O2
CHEMBL517907,GW680191X,GW680191X,Small molecule,0,438.55,205,468,3.15,93.21,7,2,0,11,N,0.35,No Data,8.2,3.89,3.04,3,MOL,-1,31,7,2,0,438.1726,NEUTRAL,C23H26N4O3S
CHEMBL450071,GSK-1392956A,GSK1392956A,Small molecule,0,592.68,204,462,3.21,150.9,10,6,2,11,N,0.15,13.3,8.28,4.15,3.08,4,MOL,-1,43,12,6,3,592.2922,NEUTRAL,C30H37FN8O4
CHEMBL269883,GW416981X,GW416981X,Small molecule,0,415.47,209,469,2.55,127.59,6,3,0,6,N,0.49,10.04,No Data,2.23,2.23,2,MOL,-1,29,8,4,0,415.1202,NEUTRAL,C20H21N3O5S
CHEMBL206010,GW814408X,GW814408X,Small molecule,0,344.38,205,460,3.47,88.08,6,2,0,5,N,0.43,6,3.23,3.9,3.88,4,MOL,-1,26,7,2,0,344.1386,ACID,C19H16N6O
CHEMBL303687,GW829877X,GW829877X,Small molecule,0,358.41,204,460,3.58,77.22,7,1,0,5,N,0.44,8.28,3.51,5.59,5.51,4,MOL,-1,27,7,1,0,358.1542,NEUTRAL,C20H18N6O
CHEMBL179465,GW621970X,GW621970X,Small molecule,0,376.41,205,464,4.03,81.43,6,1,0,6,N,0.7,No Data,2.35,2.9,2.9,3,MOL,-1,26,6,1,0,376.0893,NEUTRAL,C18H17FN2O4S
CHEMBL230592,GSK-635416A,GSK635416A,Small molecule,0,453.54,205,466,3.89,92.5,4,2,0,5,N,0.57,11.13,1.49,3.71,3.71,3,MOL,-1,32,6,3,0,453.1522,NEUTRAL,C24H24FN3O3S
CHEMBL205798,GW703087X,GW703087X,Small molecule,0,486.93,209,470,5.95,76.14,5,2,1,6,N,0.33,No Data,3.43,6.51,6.51,4,MOL,-1,35,6,2,1,486.1259,NEUTRAL,C27H20ClFN4O2
CHEMBL67241,GW794607X,GW794607X,Small molecule,0,372.44,204,460,3.48,92.91,8,2,0,7,N,0.38,7.68,4.73,4.34,4.15,4,MOL,-1,28,8,2,0,372.1811,NEUTRAL,C20H20N8
CHEMBL272026,GW290597X,GW290597X,Small molecule,0,467.51,205,465,1.12,160.57,8,4,0,8,N,0.29,8.59,6.95,0.79,0.63,3,MOL,-1,33,11,5,1,467.1376,NEUTRAL,C21H21N7O4S
CHEMBL518953,GSK-1023156A,GSK1023156A,Small molecule,0,428.31,205,465,4.53,70.14,5,1,0,5,N,0.51,No Data,3.24,2.94,2.94,4,MOL,-1,26,5,2,0,426.999,NEUTRAL,C19H14BrN3O2S
CHEMBL185962,No Data,SB-736302,Small molecule,0,242.24,205,914,1.4,95.65,7,1,0,2,N,0.73,No Data,4.96,2.93,2.93,3,MOL,-1,18,7,2,0,242.0916,NEUTRAL,C11H10N6O
CHEMBL188048,No Data,SB-736290,Small molecule,0,216.2,205,464,0.6,95.65,7,1,0,1,N,0.64,No Data,2.87,0.01,0.01,3,MOL,-1,16,7,2,0,216.076,NEUTRAL,C9H8N6O
CHEMBL1895450,GSK-2220400A,GSK2220400A,Small molecule,0,529.61,205,463,3.05,140.4,9,4,1,8,N,0.27,13.04,7.38,3.22,2.89,4,MOL,-1,39,12,4,2,529.255,NEUTRAL,C27H31N9O3
CHEMBL207247,GW807930X,GW807930X,Small molecule,0,500.96,205,464,5.63,76.14,5,2,2,7,N,0.32,No Data,3.43,5.82,5.82,4,MOL,-1,36,6,2,2,500.1415,NEUTRAL,C28H22ClFN4O2
CHEMBL520037,GW837331X,GW837331X,Small molecule,0,459.43,212,475,4.89,82.8,8,1,0,6,N,0.44,No Data,3.5,4.6,4.6,4,MOL,-1,33,8,1,0,459.1518,NEUTRAL,C22H20F3N5O3
CHEMBL505915,GSK-1751853A,GSK1751853A,Small molecule,0,601.69,206,467,3.61,144.74,9,4,1,9,N,0.23,13.3,7.85,3.62,2.93,4,MOL,-1,44,12,5,2,601.2925,NEUTRAL,C31H36FN9O3
CHEMBL267228,No Data,SB-431533,Small molecule,0,371.4,206,465,4.03,80.26,5,2,0,4,N,0.57,10.7,2.8,2.25,2.25,4,MOL,-1,28,6,2,0,371.127,NEUTRAL,C22H17N3O3
CHEMBL233002,No Data,SB-814597,Small molecule,0,350.42,207,465,5.04,52.89,3,1,1,2,N,0.7,11.43,No Data,4.77,4.77,3,MOL,-1,25,3,1,1,350.0889,NEUTRAL,C20H15FN2OS
CHEMBL1794068,GSK-326090A,GSK326090A,Small molecule,0,558.63,208,464,6.07,82.61,7,1,2,8,N,0.28,No Data,9.06,2.74,1.09,4,MOL,-1,39,7,2,2,558.1912,BASE,C28H29F3N4O3S
CHEMBL13972,No Data,SB-242721,Small molecule,0,440.48,205,466,4.73,88.65,7,1,0,5,N,0.48,No Data,9.91,1.81,-0.64,4,MOL,-1,33,7,1,0,440.1761,BASE,C25H21FN6O
CHEMBL374453,GSK-299115A,GSK299115A,Small molecule,0,415.28,209,475,4.39,86.88,3,3,0,3,N,0.59,12.73,0.9,4.19,4.19,3,MOL,-1,28,6,3,0,414.065,NEUTRAL,C20H16Cl2N4O2
CHEMBL473629,GSK-204925A,GSK204925A,Small molecule,0,423.49,206,464,3.82,88.6,7,1,0,8,N,0.47,No Data,3.42,2.06,2.06,4,MOL,-1,30,7,2,0,423.1253,NEUTRAL,C22H21N3O4S
CHEMBL381948,GW680975X,GW680975X,Small molecule,0,316.34,205,462,4.34,54.46,3,1,0,3,N,0.61,8.69,4.37,3.23,3.22,4,MOL,-1,24,4,1,0,316.1124,NEUTRAL,C19H13FN4
CHEMBL1794070,GSK-579289A,GSK579289A,Small molecule,0,511.05,213,484,5.45,82.61,7,1,2,7,N,0.36,No Data,8.23,2.72,1.85,4,MOL,-1,35,7,2,2,510.1492,NEUTRAL,C26H27ClN4O3S
CHEMBL1794074,No Data,,Small molecule,0,496.42,6,7,2.83,119.03,8,2,0,5,N,0.51,10.1,5.94,2.27,2.26,4,MOL,-1,30,9,3,0,423.1477,NEUTRAL,C20H23Cl2N7O2S
CHEMBL1594610,No Data,,Small molecule,0,370.28,10,11,3.86,30.71,4,0,0,2,N,0.72,No Data,4.36,3.34,3.34,3,MOL,-1,21,3,0,0,297.0736,NEUTRAL,C16H14Cl2FN3S
CHEMBL1909413,No Data,"SB-610251-B, SB-610251B",Small molecule,0,349.82,204,458,4.51,61.8,3,2,0,3,N,0.58,10.78,9.52,3.02,3.01,4,MOL,-1,24,4,2,0,313.1215,BASE,C20H16ClN3O
CHEMBL1909384,No Data,"SB-772077-B, SB-772077B",Small molecule,0,378.82,204,460,0.26,141.98,9,2,0,3,N,0.69,No Data,8.47,-0.92,-1.9,3,MOL,-1,25,10,4,0,342.1553,NEUTRAL,C15H19ClN8O2
CHEMBL1909389,GW574782A,GW574782A,Small molecule,0,633.09,204,460,6.37,106.35,8,2,2,11,N,0.17,No Data,6.34,6.16,6.12,5,MOL,-1,42,8,2,2,596.1705,NEUTRAL,C30H28ClF3N4O4S
CHEMBL1794062,GW577921A,GW577921A,Small molecule,0,302.76,205,461,4.09,47.29,4,1,0,4,N,0.77,No Data,2.87,3.33,3.33,3,MOL,-1,20,4,1,0,266.1055,NEUTRAL,C16H15ClN2O2
CHEMBL581096,GW440139A,"GW440139A, TCMDC-138201",Small molecule,0,363.85,209,468,5.05,58.04,4,2,1,3,N,0.55,9.94,6.35,3.31,3.31,4,MOL,-1,25,4,2,1,327.1372,NEUTRAL,C21H18ClN3O
CHEMBL1794064,GSK-561866B,GSK561866B,Small molecule,0,470.41,204,464,0.12,156.92,10,3,0,6,N,0.41,No Data,9.18,0.32,-1.92,3,MOL,-1,26,10,6,1,356.1709,BASE,C18H21F3N8O4
CHEMBL1909345,No Data,"SB-686709-A, SB-686709A",Small molecule,0,422.87,204,460,2.97,86.8,5,2,0,4,N,0.72,5.26,8.78,3.44,1.01,3,MOL,-1,28,7,2,0,386.1667,ZWITTERION,C19H21ClF2N6O
CHEMBL1909343,No Data,"SB-675259-M, SB-675259M",Small molecule,0,394.31,204,459,1.76,96.45,5,2,0,3,N,0.76,5.44,2.82,1.52,-0.16,3,MOL,-1,21,7,2,0,280.1073,ACID,C16H13F3N6O3
CHEMBL30432,GW282974X,"GW2974, GW282974X",Small molecule,0,395.47,259,586,4.23,71.76,7,1,0,5,N,0.48,No Data,5.64,4.87,4.86,5,MOL,-1,30,7,1,0,395.1858,NEUTRAL,C23H21N7
CHEMBL1794073,GW770220A,GW770220A,Small molecule,0,459.96,209,466,2.83,119.03,8,2,0,5,N,0.51,10.1,6.15,2.19,2.16,4,MOL,-1,30,9,3,0,423.1477,NEUTRAL,C20H22ClN7O2S
CHEMBL1909412,No Data,"SB-476429-A, SB-476429A",Small molecule,0,413.31,204,459,4.62,87.82,4,3,0,4,N,0.48,8.23,9.29,2.49,0.67,4,MOL,-1,27,5,4,0,376.1091,BASE,C21H18Cl2N4O
CHEMBL1909357,GW410563A,GW410563A,Small molecule,0,347.8,204,460,3.4,76.5,6,2,0,4,N,0.77,9.93,5.56,2.56,2.56,3,MOL,-1,23,6,2,0,311.127,NEUTRAL,C17H18ClN3O3
CHEMBL1794060,GW575533A,GW575533A,Small molecule,0,332.79,205,461,4.1,56.52,5,1,0,5,N,0.77,No Data,2.76,3.43,3.43,3,MOL,-1,22,5,1,0,296.1161,NEUTRAL,C17H17ClN2O3
CHEMBL1909358,GW654652C,GW654652C,Small molecule,0,489,204,459,3.98,113.1,8,2,0,7,N,0.43,No Data,6.17,2.5,2.48,4,MOL,-1,32,9,2,0,452.1631,NEUTRAL,C22H25ClN6O3S
CHEMBL1909409,GSK-238583A,GSK238583A,Small molecule,0,653.68,204,460,4.58,88.61,8,2,1,5,N,0.36,No Data,6.9,5.86,5.78,4,MOL,-1,39,8,2,1,539.1991,NEUTRAL,C32H30F3N5O5S
CHEMBL1909385,GW458787A,GW458787A,Small molecule,0,565.1,204,458,5.35,106.35,8,2,2,11,N,0.22,No Data,6.34,5.45,5.41,5,MOL,-1,38,8,2,2,528.1831,NEUTRAL,C29H29ClN4O4S
CHEMBL1909408,GSK-200398A,GSK200398A,Small molecule,0,616.15,204,460,4.38,106.43,10,2,1,5,N,0.3,No Data,6.9,4.96,4.89,5,MOL,-1,42,10,2,1,579.2053,NEUTRAL,C31H30ClN7O3S
CHEMBL1909350,GSK-949675A,GSK949675A,Small molecule,0,421.89,204,459,0.8,137.14,10,3,0,6,N,0.42,13.11,8.7,1.94,0.76,3,MOL,-1,28,10,4,0,385.1862,BASE,C18H24ClN7O3
CHEMBL1909395,GW633459A,GW633459A,Small molecule,0,679.6,204,460,7.57,106.35,8,2,2,12,N,0.13,No Data,6.46,7.33,7.28,6,MOL,-1,45,8,2,2,642.1504,NEUTRAL,C34H29Cl2FN4O4S
CHEMBL1909373,GW701427A,GW701427A,Small molecule,0,497.9,204,460,4.88,154.67,6,5,0,6,N,0.27,4.17,5.51,3.58,0.71,4,MOL,-1,34,11,5,1,461.1335,ACID,C23H20ClN5O6
CHEMBL1909393,GW583373A,GW583373A,Small molecule,0,595.55,204,459,6.43,80.49,7,1,2,8,N,0.23,No Data,5.43,5.12,5.11,5,MOL,-1,39,7,1,2,558.1492,NEUTRAL,C30H28Cl2N4O3S
CHEMBL1909410,GSK-259178A,GSK259178A,Small molecule,0,728.7,204,459,5.27,93.54,9,2,2,5,N,0.26,No Data,6.9,6.58,6.51,5,MOL,-1,44,9,2,2,614.1912,NEUTRAL,C34H29F5N6O5S
CHEMBL1909387,GW567808A,GW567808A,Small molecule,0,633.09,204,460,6.37,106.35,8,2,2,11,N,0.17,No Data,6.34,6.24,6.19,5,MOL,-1,42,8,2,2,596.1705,NEUTRAL,C30H28ClF3N4O4S
CHEMBL1909400,No Data,"SB-284847, SB-284847-BT",Small molecule,0,557.55,204,459,5.48,64.86,6,1,1,5,N,0.44,No Data,9.91,3.05,0.59,4,MOL,-1,33,6,1,1,443.2121,BASE,C28H27F4N5O3
CHEMBL1909401,No Data,"SB-285234, SB-285234-W",Small molecule,0,465.41,204,458,4.56,102.16,7,2,0,6,N,0.44,4.05,9.91,1.74,-0.77,4,MOL,-1,34,8,2,0,459.1707,ZWITTERION,C25H21FLiN5O3
CHEMBL1909344,No Data,"SB-678557-A, SB-678557A",Small molecule,0,372.86,204,457,2.3,86.8,5,2,0,3,N,0.77,5.84,3.14,2.93,0.69,3,MOL,-1,25,7,2,0,336.1699,ACID,C18H21ClN6O
CHEMBL588025,GW770249A,"GW770249A, TCMDC-141371",Small molecule,0,467.81,210,470,5.27,106.07,5,3,1,3,N,0.38,12.59,4.77,3.59,3.58,4,MOL,-1,31,7,4,1,431.1005,NEUTRAL,C20H14ClF4N5O2
CHEMBL1909411,No Data,GI-261520A,Small molecule,0,393.87,204,459,4.96,56.27,5,1,0,6,N,0.53,No Data,5.41,4.54,4.54,4,MOL,-1,27,5,1,0,357.1477,NEUTRAL,C22H20ClN3O2
CHEMBL1909342,No Data,"SB-657836-AAA, SB-657836AAA",Small molecule,0,395.44,204,458,1.77,65.36,5,1,0,3,N,0.92,12.81,4.84,0.89,0.89,1,MOL,-1,21,5,1,0,305.1198,NEUTRAL,C17H21N3O6S
CHEMBL1909347,No Data,"SB-732881-H, SB-732881H",Small molecule,0,546.38,204,459,3.37,94.14,5,3,0,3,N,0.59,7.93,9,1.48,0.24,3,MOL,-1,27,7,3,0,429.08,BASE,C23H24BrN5O6
CHEMBL1909349,GSK-1007102B,GSK1007102B,Small molecule,0,561.52,204,460,2.28,151.13,10,3,0,6,N,0.38,13.11,6.76,2.12,2.06,4,MOL,-1,33,10,5,0,447.2019,NEUTRAL,C25H26F3N7O5
CHEMBL1794071,No Data,"SB-614067-R, SB-614067R",Small molecule,0,409.92,204,462,3.73,86.19,5,3,0,3,N,0.48,11.26,9.96,2.37,-0.1,3,MOL,-1,28,6,3,0,373.1903,BASE,C22H24ClN5O
CHEMBL1794072,No Data,"SB-682330-A, SB-682330A",Small molecule,0,490,205,463,5.74,71.09,6,1,1,7,N,0.29,11.41,8.65,4.5,3.22,4,MOL,-1,34,6,1,1,453.2052,BASE,C28H28ClN3O3
CHEMBL1909352,GW441806A,GW441806A,Small molecule,0,329.79,204,458,2.75,87.58,5,2,0,3,N,0.77,10.12,3.23,3.24,1.25,3,MOL,-1,22,6,2,0,293.1277,NEUTRAL,C16H16ClN5O
CHEMBL1909369,GW693917A,GW693917A,Small molecule,0,556.93,204,460,7.07,101.58,6,3,2,5,N,0.24,6.82,1.92,5.23,4.6,4,MOL,-1,36,8,3,2,520.0828,NEUTRAL,C23H17ClF4N4O4S
CHEMBL1909378,No Data,"SB-431542-A, SB-431542A",Small molecule,0,420.86,204,459,3.63,103.12,5,2,0,4,N,0.56,10.14,2.24,2.37,2.37,4,MOL,-1,29,7,3,0,384.1222,NEUTRAL,C22H17ClN4O3
CHEMBL1909380,GW282449A,GW282449A,Small molecule,0,447.93,204,459,4.79,74.09,7,1,0,6,N,0.43,No Data,5.56,3.82,3.81,5,MOL,-1,31,7,1,0,411.1695,NEUTRAL,C24H22ClN5O2
CHEMBL1909351,GW824645A,GW824645A,Small molecule,0,368.82,204,458,2.61,100.87,4,3,0,4,N,0.68,10.21,2.83,1.82,1.82,3,MOL,-1,23,6,4,0,332.0743,NEUTRAL,C15H14ClFN4O2S
CHEMBL1909354,GW459057A,GW459057A,Small molecule,0,390.88,204,460,4.11,80.24,5,1,0,4,N,0.6,3.1,4.79,4.24,2.24,4,MOL,-1,27,6,1,0,354.1593,ACID,C21H19ClN6
CHEMBL1909374,GW709042A,GW709042A,Small molecule,0,585.95,204,460,7.41,108.14,4,4,2,6,N,0.17,9.83,5.14,5.78,5.77,5,MOL,-1,40,8,4,2,549.1424,NEUTRAL,C28H20ClF4N5O3
CHEMBL1909399,GW352430A,GW352430A,Small molecule,0,457.94,204,458,2.28,126.54,6,3,0,6,N,0.53,9.54,5.88,2.52,2.5,3,MOL,-1,30,8,4,0,421.1209,NEUTRAL,C21H20ClN5O3S
CHEMBL1909396,GW768505A,GW768505A,Small molecule,0,573.93,204,460,6.95,115.3,6,3,2,5,N,0.21,12.56,4.67,4.1,4.1,5,MOL,-1,39,8,4,2,537.1424,NEUTRAL,C27H20ClF4N5O3
CHEMBL1909390,GW576609A,GW576609A,Small molecule,0,691.1,204,460,6.57,80.49,7,1,2,8,N,0.22,No Data,5.43,5.29,5.29,5,MOL,-1,40,7,1,2,576.1398,NEUTRAL,C32H27ClF4N4O5S
CHEMBL1909361,GW830365A,GW830365A,Small molecule,0,576.12,204,459,2.99,128.79,9,3,1,10,N,0.36,13.91,7,1.01,0.8,3,MOL,-1,38,11,3,2,539.2315,NEUTRAL,C26H34ClN7O4S
CHEMBL1909366,GW659386A,GW659386A,Small molecule,0,539.87,204,459,6.34,117.37,5,4,2,5,N,0.24,10.67,5.45,4.52,4.51,4,MOL,-1,36,9,4,2,503.1217,NEUTRAL,C23H18ClF4N5O4
CHEMBL1909341,GW641155A,GW641155A,Small molecule,0,364.83,204,460,5.88,47.29,4,1,1,5,N,0.5,No Data,2.81,5.23,5.23,4,MOL,-1,25,4,1,1,328.1212,NEUTRAL,C21H17ClN2O2
CHEMBL1909392,GW580496A,GW580496A,Small molecule,0,643.99,204,460,6.11,106.35,8,2,2,11,N,0.17,No Data,6.34,6.27,6.23,5,MOL,-1,39,8,2,2,606.0936,NEUTRAL,C29H28BrClN4O4S
CHEMBL1909377,No Data,"SB-400868-A, SB-400868A",Small molecule,0,341.8,204,459,3.29,49.17,5,0,0,2,N,0.73,No Data,4.4,2.77,2.77,3,MOL,-1,23,5,0,0,305.1164,NEUTRAL,C18H16ClN3O2
CHEMBL1909364,GW589961A,GW589961A,Small molecule,0,488.33,204,460,5.83,117.37,5,4,1,5,N,0.3,10.35,5.49,4.59,4.58,4,MOL,-1,32,9,4,1,451.1047,NEUTRAL,C22H19Cl2N5O4
CHEMBL1909406,No Data,"SKF-86002-A2, SKF-86002A2",Small molecule,0,333.82,204,460,3.86,30.71,4,0,0,2,N,0.72,No Data,4.36,3.34,3.34,3,MOL,-1,21,3,0,0,297.0736,NEUTRAL,C16H13ClFN3S
CHEMBL1909356,GW569530A,GW569530A,Small molecule,0,650.15,204,459,6.23,106.1,9,2,2,11,N,0.17,No Data,5.66,5.54,5.52,5,MOL,-1,42,8,2,2,613.1429,NEUTRAL,C29H27ClF3N5O3S2
CHEMBL1909414,No Data,"SB-590885-AAD, SB-590885AAD",Small molecule,0,508.02,204,460,4.87,86.63,6,2,0,7,N,0.31,10.89,8.59,3.62,2.33,4,MOL,-1,34,7,2,0,453.2165,BASE,C27H30ClN5O3
CHEMBL1909368,GW683134A,GW683134A,Small molecule,0,575.91,204,459,7,121.28,5,4,2,6,N,0.17,9.78,4.81,5.36,5.36,5,MOL,-1,39,9,4,2,539.1217,NEUTRAL,C26H18ClF4N5O4
CHEMBL1909405,GW618013A,GW618013A,Small molecule,0,554.57,204,460,4.98,58.35,6,1,0,7,N,0.31,No Data,9.48,3.35,1.16,4,MOL,-1,33,6,1,0,458.1842,BASE,C24H26F4N6O3S
CHEMBL1909362,GW830900A,GW830900A,Small molecule,0,534.09,204,458,3.22,119.56,8,3,0,10,N,0.39,13.91,8.36,1.49,0.42,3,MOL,-1,35,10,3,0,497.2209,NEUTRAL,C24H32ClN7O3S
CHEMBL1909403,GW569293E,GW569293E,Small molecule,0,547.47,204,459,4.41,75.34,6,2,0,6,N,0.35,No Data,2.65,2.59,2.59,4,MOL,-1,31,6,2,0,431.1369,NEUTRAL,C25H21F4N5O5
CHEMBL1909367,GW680908A,GW680908A,Small molecule,0,587.94,204,459,5.38,142.28,6,4,2,5,N,0.25,9.55,3.93,3.62,3.62,4,MOL,-1,38,10,4,2,551.0887,NEUTRAL,C23H18ClF4N5O5S
CHEMBL1909382,GW759710A,GW759710A,Small molecule,0,359.79,204,460,3.2,92.93,5,3,0,5,N,0.67,No Data,5.4,3.07,3.07,3,MOL,-1,24,6,4,0,323.1182,NEUTRAL,C17H15ClFN5O
CHEMBL1909353,GW458344A,GW458344A,Small molecule,0,379.85,204,460,4.31,80.49,5,1,0,4,N,0.6,No Data,3.28,5.14,3.15,4,MOL,-1,26,6,1,0,343.1433,NEUTRAL,C20H18ClN5O
CHEMBL1909371,GW694590A,GW694590A,Small molecule,0,453.89,204,459,5.18,117.37,5,4,1,5,N,0.36,10.71,5.53,3.84,3.83,4,MOL,-1,31,9,4,1,417.1437,NEUTRAL,C22H20ClN5O4
CHEMBL1909407,No Data,"SB-220025-A, SB-220025-R, SB-220025A, SB-220025R",Small molecule,0,374.85,204,918,2.65,81.65,6,2,0,3,N,0.77,No Data,9.92,1.27,-1.19,3,MOL,-1,25,6,3,0,338.1655,BASE,C18H20ClFN6
CHEMBL1909355,GW461104A,GW461104A,Small molecule,0,528.46,204,459,4.42,96.87,8,2,0,8,N,0.35,No Data,5.33,4.5,4.49,4,MOL,-1,32,7,2,0,491.0653,NEUTRAL,C21H20Cl2FN5O2S2
CHEMBL529066,GW574783B,"GW574783B, TCMDC-138467",Small molecule,0,599.54,209,468,6,106.35,8,2,2,11,N,0.19,No Data,6.34,6.13,6.09,5,MOL,-1,39,8,2,2,562.1442,NEUTRAL,C29H28Cl2N4O4S
CHEMBL1909372,GW700494A,GW700494A,Small molecule,0,622.07,204,456,6.21,97.55,6,4,2,9,N,0.14,10.19,7.66,4.67,3.96,4,MOL,-1,42,9,4,2,585.2475,NEUTRAL,C29H32ClF4N7O2
CHEMBL1794053,GW407323A,GW407323A,Small molecule,0,529.64,207,463,5.12,88.24,5,3,1,2,N,0.43,5.88,3.89,4.4,2.8,3,MOL,-1,26,5,4,1,490.8939,ACID,C18H12Br2ClN3O2S
CHEMBL1909379,No Data,GR-269666A,Small molecule,0,387.87,204,460,4.84,66.49,4,2,0,4,N,0.49,11.66,5.74,4.26,4.24,5,MOL,-1,27,5,2,0,351.1484,NEUTRAL,C22H18ClN5
CHEMBL1909388,GW568377A,GW568377A,Small molecule,0,565.1,204,459,5.35,106.35,8,2,2,11,N,0.22,No Data,6.6,5.7,5.63,5,MOL,-1,38,8,2,2,528.1831,NEUTRAL,C29H29ClN4O4S
CHEMBL1909365,GW607049C,GW607049C,Small molecule,0,617.56,204,457,6.69,108.14,5,4,2,5,N,0.22,10.51,5.11,3.97,3.97,4,MOL,-1,36,8,4,2,519.0988,NEUTRAL,C23H19F4N5O7S2
CHEMBL1909386,GW566221A,GW566221A,Small molecule,0,565.1,204,459,5.35,106.35,8,2,2,11,N,0.22,No Data,6.83,5.7,5.59,5,MOL,-1,38,8,2,2,528.1831,NEUTRAL,C29H29ClN4O4S
CHEMBL1794050,GW429374A,GW429374A,Small molecule,0,508.6,204,462,5.47,62.22,3,2,1,2,N,0.49,5.9,4.34,4.47,2.88,3,MOL,-1,26,4,2,1,469.9266,ACID,C20H13Br2ClN2O2
CHEMBL1794065,GSK-554170A,GSK554170A,Small molecule,0,539.52,207,467,1.58,137.14,10,3,0,5,N,0.52,13.11,10.25,1.92,-0.74,3,MOL,-1,31,10,4,0,425.2175,BASE,C23H28F3N7O5
CHEMBL1909415,GW693881A,GW693881A,Small molecule,0,487.39,204,459,6.8,62.83,5,2,1,6,N,0.3,No Data,5.57,4.85,4.85,5,MOL,-1,31,5,2,1,450.0717,NEUTRAL,C23H17Cl2FN4OS
CHEMBL1909360,GW830263A,GW830263A,Small molecule,0,665.22,204,460,4.56,139.87,9,3,1,9,N,0.24,13.78,6.76,2,1.85,4,MOL,-1,45,12,3,2,628.258,NEUTRAL,C32H37ClN8O4S
CHEMBL1909370,GW694234A,GW694234A,Small molecule,0,532.78,204,460,5.94,117.37,5,4,1,5,N,0.27,10.69,5.49,4.79,4.78,4,MOL,-1,32,9,4,1,495.0542,NEUTRAL,C22H19BrClN5O4
CHEMBL1909375,GSK-614526A,GSK614526A,Small molecule,0,525.49,204,459,1.34,137.14,10,3,0,5,N,0.53,13.11,9.78,1.69,-0.6,3,MOL,-1,30,10,4,0,411.2019,BASE,C22H26F3N7O5
CHEMBL1909391,GW576924A,GW576924A,Small molecule,0,579.1,204,458,5.92,80.49,7,1,2,8,N,0.26,No Data,5.42,4.94,4.93,5,MOL,-1,39,7,1,2,542.1788,NEUTRAL,C30H28ClFN4O3S
CHEMBL1909383,GW784307A,GW784307A,Small molecule,0,494.99,204,460,2.56,109.56,9,2,0,9,N,0.29,7.88,8.37,4.01,2.93,4,MOL,-1,34,10,2,0,458.2179,NEUTRAL,C24H27ClN8O2
CHEMBL1794061,GW627834A,GW627834A,Small molecule,0,297.75,205,461,3.96,61.85,4,1,0,3,N,0.77,No Data,2.31,3.5,3.5,3,MOL,-1,20,4,1,0,261.0902,NEUTRAL,C16H12ClN3O
CHEMBL1794066,GSK-619487A,GSK619487A,Small molecule,0,525.49,207,468,1.34,137.14,10,3,0,4,N,0.54,13.11,9.46,2.42,0.4,3,MOL,-1,30,10,4,0,411.2019,BASE,C22H26F3N7O5
CHEMBL1909394,GW621823A,GW621823A,Small molecule,0,659.61,204,460,7.26,97.56,8,1,2,13,N,0.15,No Data,6.44,7.36,7.31,5,MOL,-1,43,8,1,2,622.1817,NEUTRAL,C32H33Cl2FN4O4S
CHEMBL1909363,GSK-269962B,GSK269962B,Small molecule,0,607.07,204,458,3.84,155.68,12,2,2,10,N,0.25,13.19,6.31,2.18,2.15,5,MOL,-1,42,13,3,2,570.2339,NEUTRAL,C29H31ClN8O5
CHEMBL1909359,GW771127A,GW771127A,Small molecule,0,459.96,204,459,2.83,119.03,8,2,0,5,N,0.51,10.1,5.94,2.27,2.26,4,MOL,-1,30,9,3,0,423.1477,NEUTRAL,C20H22ClN7O2S
CHEMBL1909381,GW575808A,GW575808A,Small molecule,0,371.83,204,458,3.08,113.16,6,4,0,5,N,0.57,9.97,5.65,2.65,2.64,3,MOL,-1,25,7,5,0,335.1382,NEUTRAL,C18H18ClN5O2
CHEMBL1909376,No Data,"SB-759335-B, SB-759335B",Small molecule,0,378.82,204,460,0.13,127.99,9,2,0,3,N,0.69,No Data,8.19,-1.29,-2.15,3,MOL,-1,25,10,3,0,342.1553,NEUTRAL,C15H19ClN8O2
CHEMBL233001,GW620972X,GW620972X,Small molecule,0,332.43,275,949,4.9,52.89,3,1,0,2,N,0.73,11.95,No Data,4.5,4.5,3,MOL,-1,24,3,1,0,332.0983,NEUTRAL,C20H16N2OS
CHEMBL247228,GW770249X,GW770249X,Small molecule,0,431.35,215,505,5.27,106.07,5,3,1,3,N,0.38,12.59,4.77,3.59,3.58,4,MOL,-1,31,7,4,1,431.1005,NEUTRAL,C20H13F4N5O2
CHEMBL514499,GW843682X,GW843682X,Small molecule,0,477.46,601,982,4.8,88.6,7,1,0,7,N,0.41,No Data,3.4,1.34,1.34,4,MOL,-1,33,7,2,0,477.097,NEUTRAL,C22H18F3N3O4S
CHEMBL373751,GSK-319347A,GSK319347A,Small molecule,0,469.54,573,849,3.96,103.44,9,0,0,7,N,0.4,No Data,3.09,2.69,2.69,4,MOL,-1,32,8,0,0,469.0766,NEUTRAL,C22H19N3O5S2
CHEMBL313417,No Data,"SK&F-86002, SK-86002",Small molecule,0,297.36,232,485,3.86,30.71,4,0,0,2,N,0.72,No Data,4.36,3.34,3.34,3,MOL,-1,21,3,0,0,297.0736,NEUTRAL,C16H12FN3S
CHEMBL274064,SB-220025,SB-220025,Small molecule,0,338.39,277,667,2.65,81.65,6,2,0,3,N,0.77,No Data,9.92,1.27,-1.19,3,MOL,-1,25,6,3,0,338.1655,BASE,C18H19FN6
CHEMBL440084,SB-431542,SB-431542,Small molecule,0,384.4,320,507,3.63,103.12,5,2,0,4,N,0.56,10.14,2.24,2.37,2.37,4,MOL,-1,29,7,3,0,384.1222,NEUTRAL,C22H16N4O3
CHEMBL220241,GSK-269962A,,Small molecule,0,570.61,495,548,3.84,155.68,12,2,2,10,N,0.25,13.19,6.31,2.18,2.15,5,MOL,-1,42,13,3,2,570.2339,NEUTRAL,C29H30N8O5
CHEMBL261849,GW632580X,"GW2580, GW632580X",Small molecule,0,366.42,439,1941,2.83,105.51,7,2,0,7,N,0.66,No Data,6.97,2.13,2,3,MOL,-1,27,7,4,0,366.1692,NEUTRAL,C20H22N4O3
CHEMBL477989,SB590885,SB-590885,Small molecule,0,453.55,573,620,4.87,86.63,6,2,0,7,N,0.31,10.89,8.59,3.62,2.33,4,MOL,-1,34,7,2,0,453.2165,BASE,C27H27N5O2