,ChEMBL_ID,REFERENCE,PUBMED_ID
0,CHEMBL1909411,"Bioorg. Med. Chem. Lett., 14, p. 111 (2004)",14684309
1,CHEMBL175321,"Bioorg. Med. Chem. Lett., 14, p. 953 (2004)",15013000
2,CHEMBL1909379,"Bioorg. Med. Chem. Lett., 11, p. 1401 (2001)",11378364
3,CHEMBL1096290,"Bioorg. Med. Chem. Lett., 19, p. 1508 (2009)",19179070
4,CHEMBL1909349,"Bioorg. Med. Chem. Lett., 19, p. 1508 (2009)",19179070
5,CHEMBL518953,"Bioorg. Med. Chem. Lett., 19, p. 1018 (2009)",19097784
6,CHEMBL473420,"Bioorg. Med. Chem. Lett., 19, p. 1018 (2009)",19097784
7,CHEMBL471789,"Bioorg. Med. Chem. Lett., 19, p. 1018 (2009)",19097784
8,CHEMBL518968,"Bioorg. Med. Chem. Lett., 19, p. 1018 (2009)",19097784
9,CHEMBL482326,"Bioorg. Med. Chem. Lett., 19, p. 1018 (2009)",19097784
10,CHEMBL477069,"Bioorg. Med. Chem. Lett., 19, p. 469 (2009)",19056263
11,CHEMBL458865,"Bioorg. Med. Chem. Lett., 19, p. 469 (2009)",19056263
12,CHEMBL476259,"Bioorg. Med. Chem. Lett., 19, p. 469 (2009)",19056263
13,CHEMBL450071,"Bioorg. Med. Chem. Lett., 19, p. 469 (2009)",19056263
14,CHEMBL458438,"Bioorg. Med. Chem. Lett., 19, p. 373 (2009)",19081716
15,CHEMBL517171,"Bioorg. Med. Chem. Lett., 19, p. 360 (2009)",19071018
16,CHEMBL505915,"Bioorg. Med. Chem. Lett., 19, p. 360 (2009)",19071018
17,CHEMBL384073,"J. Med. Chem., 50, p. 6 (2007)",17201405
18,CHEMBL514261,"Bioorg. Med. Chem. Lett., 19, p. 373 (2009)",19081716
19,CHEMBL517123,"Bioorg. Med. Chem. Lett., 19, p. 817 (2009)",19111461
20,CHEMBL512076,"Bioorg. Med. Chem. Lett., 19, p. 817 (2009)",19111461
21,CHEMBL1909408,"Bioorg. Med. Chem. Lett., 19, p. 1332 (2009)",19208477
22,CHEMBL473629,"Bioorg. Med. Chem. Lett., 19, p. 1018 (2009)",19097784
23,CHEMBL456252,"Bioorg. Med. Chem. Lett., 19, p. 373 (2009)",19081716
24,CHEMBL463931,"Bioorg. Med. Chem. Lett., 19, p. 373 (2009)",19081716
25,CHEMBL458415,"Bioorg. Med. Chem. Lett., 19, p. 373 (2009)",19081716
26,CHEMBL511765,"Bioorg. Med. Chem. Lett., 19, p. 360 (2009)",19071018
27,CHEMBL467581,"Bioorg. Med. Chem. Lett., 19, p. 360 (2009)",19071018
28,CHEMBL1895450,"Bioorg. Med. Chem. Lett., 19, p. 373 (2009)",19081716
29,CHEMBL521806,"Bioorg. Med. Chem. Lett., 19, p. 1694 (2009)",19237286
30,CHEMBL222419,"Bioorg. Med. Chem. Lett., 19, p. 1694 (2009)",19237286
31,CHEMBL466412,"Bioorg. Med. Chem. Lett., 19, p. 817 (2009)",19111461
32,CHEMBL1909409,"Bioorg. Med. Chem. Lett., 19, p. 1332 (2009)",19208477
33,CHEMBL220465,"J. Med. Chem., 50, p. 2 (2007)",17201404
34,CHEMBL1909410,"Bioorg. Med. Chem. Lett., 19, p. 1332 (2009)",19208477
35,CHEMBL1909363,"J. Med. Chem., 50, p. 2 (2007)",17201404
36,CHEMBL441702,"J. Med. Chem., 50, p. 6 (2007)",17201405
37,CHEMBL374453,"J. Med. Chem., 50, p. 6 (2007)",17201405
38,CHEMBL475599,"Bioorg. Med. Chem. Lett., 19, p. 817 (2009)",19111461
39,CHEMBL480382,"Bioorg. Med. Chem. Lett., 19, p. 1018 (2009)",19097784
40,CHEMBL493326,"Bioorg. Med. Chem. Lett., 19, p. 1694 (2009)",19237286
41,CHEMBL522709,"Bioorg. Med. Chem. Lett., 19, p. 1694 (2009)",19237286
42,CHEMBL485598,"J. Med. Chem., 51, p. 6631 (2008)",18842034
43,CHEMBL373751,"Bioorg. Med. Chem. Lett., 16, p. 6236 (2006)",16997559
44,CHEMBL1794068,"Bioorg. Med. Chem. Lett., 19, p. 1694 (2009)",19237286
45,CHEMBL218720,"J. Med. Chem., 50, p. 6 (2007)",17201405
46,CHEMBL427058,"J. Med. Chem., 50, p. 6 (2007)",17201405
47,CHEMBL1794065,"J. Med. Chem., 51, p. 5663 (2008)",18800763
48,CHEMBL1794064,"J. Med. Chem., 51, p. 5663 (2008)",18800763
49,CHEMBL1794069,"Bioorg. Med. Chem. Lett., 19, p. 1694 (2009)",19237286
50,CHEMBL1794070,"Bioorg. Med. Chem. Lett., 19, p. 1694 (2009)",19237286
51,CHEMBL230597,"Bioorg. Med. Chem. Lett., 17, p. 3972 (2007)",17502144
52,CHEMBL231013,"Bioorg. Med. Chem. Lett., 17, p. 3972 (2007)",17502144
53,CHEMBL1909375,"J. Med. Chem., 51, p. 5663 (2008)",18800763
54,CHEMBL1794066,"J. Med. Chem., 51, p. 5663 (2008)",18800763
55,CHEMBL231623,"Bioorg. Med. Chem. Lett., 17, p. 3972 (2007)",17502144
56,CHEMBL230911,"Bioorg. Med. Chem. Lett., 17, p. 3972 (2007)",17502144
57,CHEMBL230592,"Bioorg. Med. Chem. Lett., 17, p. 3972 (2007)",17502144
58,CHEMBL268885,"Bioorg. Med. Chem. Lett., 17, p. 3972 (2007)",17502144
59,CHEMBL505187,"Bioorg. Med. Chem. Lett., 18, p. 4610 (2008)",18662874
60,CHEMBL1096626,"Bioorg. Med. Chem. Lett., 19, p. 1508 (2009)",19179070
61,CHEMBL1096634,"Bioorg. Med. Chem. Lett., 19, p. 1508 (2009)",19179070
62,CHEMBL1909350,"Bioorg. Med. Chem. Lett., 19, p. 1508 (2009)",19179070
63,CHEMBL483748,"J. Med. Chem., 52, p. 3098 (2009)",19348415
64,CHEMBL514938,"Bioorg. Med. Chem. Lett., 19, p. 817 (2009)",19111461
65,CHEMBL1794067,"Bioorg. Med. Chem. Lett., 19, p. 1694 (2009)",19237286
66,CHEMBL483747,"J. Med. Chem., 52, p. 3098 (2009)",19348415
67,CHEMBL513897,"Bioorg. Med. Chem. Lett., 19, p. 469 (2009)",19056263
68,CHEMBL1794059,"Bioorg. Med. Chem. Lett., 14, p. 953 (2004)",15013000
69,CHEMBL271843,"J. Med. Chem., 44, p. 4339 (2001)",11728181
70,CHEMBL269827,"J. Med. Chem., 44, p. 4339 (2001)",11728181
71,CHEMBL1794058,"Bioorg. Med. Chem. Lett., 14, p. 953 (2004)",15013000
72,CHEMBL1909397,"J. Med. Chem., 44, p. 4339 (2001)",11728181
73,CHEMBL270054,"J. Med. Chem., 44, p. 4339 (2001)",11728181
74,CHEMBL1909380,"Bioorg. Med. Chem. Lett., 11, p. 1401 (2001)",11378364
75,CHEMBL1909398,"J. Med. Chem., 44, p. 4339 (2001)",11728181
76,CHEMBL30432,"Bioorg. Med. Chem. Lett., 11, p. 1401 (2001)",11378364
77,CHEMBL215993,"Bioorg. Med. Chem. Lett., 16, p. 4686 (2006)",16777410
78,CHEMBL1794057,"Bioorg. Med. Chem. Lett., 14, p. 953 (2004)",15013000
79,CHEMBL272026,"J. Med. Chem., 44, p. 4339 (2001)",11728181
80,CHEMBL1956068,"Cell Signal, 11, p. 95 (1999)",10048786
81,CHEMBL271595,"J. Med. Chem., 44, p. 4339 (2001)",11728181
82,CHEMBL271594,"J. Med. Chem., 44, p. 4339 (2001)",11728181
83,CHEMBL272165,"J. Med. Chem., 44, p. 4339 (2001)",11728181
84,CHEMBL272028,"J. Med. Chem., 44, p. 4339 (2001)",11728181
85,CHEMBL410072,"J. Med. Chem., 44, p. 4339 (2001)",11728181
86,CHEMBL1794056,"Bioorg. Med. Chem. Lett., 14, p. 953 (2004)",15013000
87,CHEMBL531804,"Bioorg. Med. Chem. Lett., 11, p. 1401 (2001)",11378364
88,CHEMBL1880739,"Bioorg. Med. Chem. Lett., 10, p. 223 (2000)",10698440
89,CHEMBL409892,"J. Med. Chem., 44, p. 4339 (2001)",11728181
90,CHEMBL405042,"J. Med. Chem., 44, p. 4339 (2001)",11728181
91,CHEMBL1909399,"J. Med. Chem., 44, p. 4339 (2001)",11728181
92,CHEMBL270544,"J. Med. Chem., 44, p. 4339 (2001)",11728181
93,CHEMBL1794052,"Bioorg. Med. Chem. Lett., 10, p. 223 (2000)",10698440
94,CHEMBL1789963,"Bioorg. Med. Chem. Lett., 10, p. 223 (2000)",10698440
95,CHEMBL220243,"Bioorg. Med. Chem. Lett., 16, p. 5378 (2006)",16890436
96,CHEMBL1794053,"Bioorg. Med. Chem. Lett., 10, p. 223 (2000)",10698440
97,CHEMBL1909357,"J. Med. Chem., 51, p. 4632 (2008)",18620382
98,CHEMBL272414,"J. Med. Chem., 44, p. 4339 (2001)",11728181
99,CHEMBL269883,"J. Med. Chem., 44, p. 4339 (2001)",11728181
100,CHEMBL220244,"Bioorg. Med. Chem. Lett., 16, p. 5378 (2006)",16890436
101,CHEMBL1794050,"Bioorg. Med. Chem. Lett., 10, p. 223 (2000)",10698440
102,CHEMBL218932,"Bioorg. Med. Chem. Lett., 16, p. 5378 (2006)",16890436
103,CHEMBL485745,"Bioorg. Med. Chem. Lett., 18, p. 5428 (2008)",18818075
104,CHEMBL218088,"Bioorg. Med. Chem. Lett., 16, p. 5378 (2006)",16890436
105,CHEMBL374060,"Bioorg. Med. Chem. Lett., 16, p. 5378 (2006)",16890436
106,CHEMBL581096,"Bioorg. Med. Chem. Lett., 17, p. 5886 (2007)",17884497
107,CHEMBL1516890,"Bioorg. Med. Chem. Lett., 14, p. 953 (2004)",15013000
108,CHEMBL1909352,"Bioorg. Med. Chem. Lett., 16, p. 5378 (2006)",16890436
109,CHEMBL176857,"Bioorg. Med. Chem. Lett., 14, p. 953 (2004)",15013000
110,CHEMBL218859,"Bioorg. Med. Chem. Lett., 16, p. 5378 (2006)",16890436
111,CHEMBL263796,"Bioorg. Med. Chem. Lett., 16, p. 5378 (2006)",16890436
112,CHEMBL218969,"Bioorg. Med. Chem. Lett., 16, p. 5378 (2006)",16890436
113,CHEMBL218970,"Bioorg. Med. Chem. Lett., 16, p. 5378 (2006)",16890436
114,CHEMBL385426,"Bioorg. Med. Chem. Lett., 16, p. 5378 (2006)",16890436
115,CHEMBL1909353,"Bioorg. Med. Chem. Lett., 16, p. 5378 (2006)",16890436
116,CHEMBL1909385,"Bioorg. Med. Chem. Lett., 16, p. 4686 (2006)",16777410
117,CHEMBL1909354,"Bioorg. Med. Chem. Lett., 16, p. 5378 (2006)",16890436
118,CHEMBL1909355,"Bioorg. Med. Chem. Lett., 13, p. 637 (2003)",12639547
119,CHEMBL1789961,"Bioorg. Med. Chem. Lett., 14, p. 2121 (2004)",15080992
120,CHEMBL365286,"Bioorg. Med. Chem. Lett., 15, p. 3402 (2005)",15950465
121,CHEMBL318728,"J. Med. Chem., 48, p. 1610 (2005)",15743202
122,CHEMBL237347,"Bioorg. Med. Chem. Lett., 17, p. 5886 (2007)",17884497
123,CHEMBL1885746,"Org Lett, 7, p. 4753 (2005)",16209527
124,CHEMBL1909386,"Bioorg. Med. Chem. Lett., 16, p. 4686 (2006)",16777410
125,CHEMBL1909387,"Bioorg. Med. Chem. Lett., 16, p. 4686 (2006)",16777410
126,CHEMBL1909402,"Org Lett, 7, p. 4753 (2005)",16209527
127,CHEMBL1909388,"Bioorg. Med. Chem. Lett., 16, p. 4686 (2006)",16777410
128,CHEMBL1909403,"Org Lett, 7, p. 4753 (2005)",16209527
129,CHEMBL1909356,"Bioorg. Med. Chem. Lett., 13, p. 637 (2003)",12639547
130,CHEMBL194062,"J. Med. Chem., 48, p. 1610 (2005)",15743202
131,CHEMBL275473,"J. Med. Chem., 48, p. 1610 (2005)",15743202
132,CHEMBL234838,"Bioorg. Med. Chem. Lett., 17, p. 1296 (2007)",17194588
133,CHEMBL1909389,"Bioorg. Med. Chem. Lett., 16, p. 4686 (2006)",16777410
134,CHEMBL529066,"Bioorg. Med. Chem. Lett., 16, p. 4686 (2006)",16777410
135,CHEMBL1794060,"J. Med. Chem., 48, p. 1610 (2005)",15743202
136,CHEMBL1909381,"Bioorg. Med. Chem. Lett., 17, p. 4363 (2007)",17600705
137,CHEMBL215814,"Bioorg. Med. Chem. Lett., 16, p. 4686 (2006)",16777410
138,CHEMBL1909390,"Bioorg. Med. Chem. Lett., 16, p. 4686 (2006)",16777410
139,CHEMBL1909391,"Bioorg. Med. Chem. Lett., 16, p. 4686 (2006)",16777410
140,CHEMBL1794062,"J. Med. Chem., 48, p. 1610 (2005)",15743202
141,CHEMBL66004,"Bioorg. Med. Chem. Lett., 14, p. 2121 (2004)",15080992
142,CHEMBL1909392,"Bioorg. Med. Chem. Lett., 16, p. 4686 (2006)",16777410
143,CHEMBL179311,"J. Med. Chem., 48, p. 1610 (2005)",15743202
144,CHEMBL1909404,"Org Lett, 7, p. 4753 (2005)",16209527
145,CHEMBL1909393,"Bioorg. Med. Chem. Lett., 16, p. 4686 (2006)",16777410
146,CHEMBL1794055,"J. Med. Chem., 44, p. 4339 (2001)",11728181
147,CHEMBL1909364,"J. Med. Chem., 50, p. 4453 (2007)",17676829
148,CHEMBL1909365,"J. Med. Chem., 50, p. 4453 (2007)",17676829
149,CHEMBL270164,"Bioorg. Med. Chem. Lett., 18, p. 318 (2008)",18006306
150,CHEMBL479079,"J. Med. Chem., 51, p. 4632 (2008)",18620382
151,CHEMBL212250,"Bioorg. Med. Chem. Lett., 16, p. 4686 (2006)",16777410
152,CHEMBL384407,"Bioorg. Med. Chem. Lett., 16, p. 4686 (2006)",16777410
153,CHEMBL1909405,"Org Lett, 7, p. 4753 (2005)",16209527
154,CHEMBL233001,"Bioorg. Med. Chem. Lett., 17, p. 1296 (2007)",17194588
155,CHEMBL191705,"J. Med. Chem., 48, p. 1610 (2005)",15743202
156,CHEMBL1909394,"Bioorg. Med. Chem. Lett., 16, p. 4686 (2006)",16777410
157,CHEMBL179465,"J. Med. Chem., 48, p. 1610 (2005)",15743202
158,CHEMBL179453,"J. Med. Chem., 48, p. 1610 (2005)",15743202
159,CHEMBL443563,"J. Med. Chem., 48, p. 1610 (2005)",15743202
160,CHEMBL1794061,"J. Med. Chem., 48, p. 1610 (2005)",15743202
161,CHEMBL176553,"J. Med. Chem., 48, p. 1610 (2005)",15743202
162,CHEMBL192417,"J. Med. Chem., 48, p. 1610 (2005)",15743202
163,CHEMBL261849,"Proc. Natl. Acad. Sci. U.S.A., 102, p. 16078 (2005)",16249345
164,CHEMBL1909395,"Bioorg. Med. Chem. Lett., 16, p. 4686 (2006)",16777410
165,CHEMBL1909341,"J. Med. Chem., 48, p. 1610 (2005)",15743202
166,CHEMBL196022,"Bioorg. Med. Chem. Lett., 15, p. 2203 (2005)",15837294
167,CHEMBL373073,"Bioorg. Med. Chem. Lett., 15, p. 2203 (2005)",15837294
168,CHEMBL1789962,"Bioorg. Med. Chem. Lett., 14, p. 2121 (2004)",15080992
169,CHEMBL63728,"Bioorg. Med. Chem. Lett., 14, p. 2121 (2004)",15080992
170,CHEMBL379093,"Bioorg. Med. Chem. Lett., 16, p. 2419 (2006)",16483772
171,CHEMBL1909358,"J. Med. Chem., 51, p. 4632 (2008)",18620382
172,CHEMBL1909366,"J. Med. Chem., 50, p. 4453 (2007)",17676829
173,CHEMBL205966,"Bioorg. Med. Chem. Lett., 16, p. 2419 (2006)",16483772
174,CHEMBL243907,"J. Med. Chem., 50, p. 4453 (2007)",17676829
175,CHEMBL372474,"J. Med. Chem., 48, p. 1610 (2005)",15743202
176,CHEMBL202891,"J. Med. Chem., 49, p. 2210 (2006)",16570917
177,CHEMBL517907,"Bioorg. Med. Chem. Lett., 14, p. 111 (2004)",14684309
178,CHEMBL1909367,"J. Med. Chem., 50, p. 4453 (2007)",17676829
179,CHEMBL381948,"J. Med. Chem., 49, p. 2210 (2006)",16570917
180,CHEMBL206544,"J. Med. Chem., 49, p. 2210 (2006)",16570917
181,CHEMBL446024,"Bioorg. Med. Chem. Lett., 18, p. 5758 (2008)",18835709
182,CHEMBL524901,"Bioorg. Med. Chem. Lett., 18, p. 5758 (2008)",18835709
183,CHEMBL1909368,"J. Med. Chem., 50, p. 4453 (2007)",17676829
184,CHEMBL524057,"Bioorg. Med. Chem. Lett., 18, p. 5758 (2008)",18835709
185,CHEMBL506414,"Bioorg. Med. Chem. Lett., 19, p. 817 (2009)",19111461
186,CHEMBL181361,"J. Med. Chem., 47, p. 4494 (2004)",15317461
187,CHEMBL1909415,"Bioorg. Med. Chem. Lett., 19, p. 817 (2009)",19111461
188,CHEMBL1909369,"J. Med. Chem., 50, p. 4453 (2007)",17676829
189,CHEMBL1909370,"J. Med. Chem., 50, p. 4453 (2007)",17676829
190,CHEMBL1909371,"J. Med. Chem., 50, p. 4453 (2007)",17676829
191,CHEMBL205158,"J. Med. Chem., 49, p. 2210 (2006)",16570917
192,CHEMBL1909372,"J. Med. Chem., 50, p. 4453 (2007)",17676829
193,CHEMBL269985,"Bioorg. Med. Chem. Lett., 18, p. 324 (2008)",17981461
194,CHEMBL1909373,"J. Med. Chem., 50, p. 4453 (2007)",17676829
195,CHEMBL205798,"Bioorg. Med. Chem. Lett., 16, p. 2419 (2006)",16483772
196,CHEMBL495771,"Bioorg. Med. Chem. Lett., 18, p. 5758 (2008)",18835709
197,CHEMBL402108,"Bioorg. Med. Chem. Lett., 18, p. 324 (2008)",17981461
198,CHEMBL1909374,"J. Med. Chem., 50, p. 4453 (2007)",17676829
199,CHEMBL208437,"J. Med. Chem., 49, p. 2210 (2006)",16570917
200,CHEMBL257113,"Bioorg. Med. Chem. Lett., 18, p. 324 (2008)",17981461
201,CHEMBL477583,"Bioorg. Med. Chem. Lett., 18, p. 4428 (2008)",18614366
202,CHEMBL1909382,"Bioorg. Med. Chem. Lett., 17, p. 4363 (2007)",17600705
203,CHEMBL1909396,"Bioorg. Med. Chem. Lett., 17, p. 1773 (2007)",17276055
204,CHEMBL477182,"Bioorg. Med. Chem. Lett., 18, p. 4433 (2008)",18602262
205,CHEMBL1794073,"J. Med. Chem., 51, p. 4632 (2008)",18620382
206,CHEMBL588025,"Bioorg. Med. Chem. Lett., 17, p. 1773 (2007)",17276055
207,CHEMBL1909359,"J. Med. Chem., 51, p. 4632 (2008)",18620382
208,CHEMBL207410,"Bioorg. Med. Chem. Lett., 16, p. 2419 (2006)",16483772
209,CHEMBL476351,"Bioorg. Med. Chem. Lett., 18, p. 4433 (2008)",18602262
210,CHEMBL495696,"Bioorg. Med. Chem. Lett., 18, p. 5758 (2008)",18835709
211,CHEMBL468963,"Bioorg. Med. Chem. Lett., 18, p. 5758 (2008)",18835709
212,CHEMBL1882194,"Bioorg. Med. Chem. Lett., 18, p. 5758 (2008)",18835709
213,CHEMBL365663,"J. Med. Chem., 47, p. 4494 (2004)",15317461
214,CHEMBL513330,"Bioorg. Med. Chem. Lett., 18, p. 5758 (2008)",18835709
215,CHEMBL251549,"Bioorg. Med. Chem. Lett., 17, p. 4363 (2007)",17600705
216,CHEMBL477978,"Bioorg. Med. Chem. Lett., 18, p. 4428 (2008)",18614366
217,CHEMBL517507,"Bioorg. Med. Chem. Lett., 18, p. 4428 (2008)",18614366
218,CHEMBL1909383,"Bioorg. Med. Chem. Lett., 14, p. 2121 (2004)",15080992
219,CHEMBL475761,"Bioorg. Med. Chem. Lett., 19, p. 817 (2009)",19111461
220,CHEMBL306865,"Bioorg. Med. Chem. Lett., 16, p. 2091 (2006)",16460937
221,CHEMBL426800,"Bioorg. Med. Chem. Lett., 15, p. 3402 (2005)",15950465
222,CHEMBL361237,"J. Med. Chem., 47, p. 4494 (2004)",15317461
223,CHEMBL477979,"Bioorg. Med. Chem. Lett., 18, p. 4428 (2008)",18614366
224,CHEMBL185238,"J. Med. Chem., 47, p. 4494 (2004)",15317461
225,CHEMBL67241,"Bioorg. Med. Chem. Lett., 14, p. 2121 (2004)",15080992
226,CHEMBL205765,"Bioorg. Med. Chem. Lett., 16, p. 2419 (2006)",16483772
227,CHEMBL396107,"Bioorg. Med. Chem. Lett., 17, p. 1773 (2007)",17276055
228,CHEMBL273564,"Bioorg. Med. Chem. Lett., 17, p. 1773 (2007)",17276055
229,CHEMBL516908,"Bioorg. Med. Chem. Lett., 18, p. 4428 (2008)",18614366
230,CHEMBL517666,"Bioorg. Med. Chem. Lett., 18, p. 4428 (2008)",18614366
231,CHEMBL381604,"Bioorg. Med. Chem. Lett., 16, p. 2419 (2006)",16483772
232,CHEMBL359999,"J. Med. Chem., 47, p. 4716 (2004)",15341487
233,CHEMBL516248,"Bioorg. Med. Chem. Lett., 19, p. 1018 (2009)",19097784
234,CHEMBL359963,"Bioorg. Med. Chem. Lett., 18, p. 5758 (2008)",18835709
235,CHEMBL361894,"J. Med. Chem., 47, p. 4716 (2004)",15341487
236,CHEMBL188381,"Bioorg. Med. Chem. Lett., 15, p. 3519 (2005)",15990302
237,CHEMBL479038,"Bioorg. Med. Chem. Lett., 18, p. 4428 (2008)",18614366
238,CHEMBL207247,"Bioorg. Med. Chem. Lett., 16, p. 2419 (2006)",16483772
239,CHEMBL188426,"J. Med. Chem., 47, p. 4716 (2004)",15341487
240,CHEMBL442363,"Bioorg. Med. Chem. Lett., 14, p. 2121 (2004)",15080992
241,CHEMBL189353,"Bioorg. Med. Chem. Lett., 15, p. 3519 (2005)",15990302
242,CHEMBL365248,"J. Med. Chem., 47, p. 4716 (2004)",15341487
243,CHEMBL187081,"J. Med. Chem., 47, p. 4716 (2004)",15341487
244,CHEMBL66292,"Bioorg. Med. Chem. Lett., 14, p. 2121 (2004)",15080992
245,CHEMBL183993,"J. Med. Chem., 47, p. 4716 (2004)",15341487
246,CHEMBL204934,"Bioorg. Med. Chem. Lett., 16, p. 2091 (2006)",16460937
247,CHEMBL206010,"Bioorg. Med. Chem. Lett., 16, p. 2091 (2006)",16460937
248,CHEMBL69757,"Bioorg. Med. Chem. Lett., 14, p. 2121 (2004)",15080992
249,CHEMBL65884,"Bioorg. Med. Chem. Lett., 14, p. 2121 (2004)",15080992
250,CHEMBL189415,"J. Med. Chem., 47, p. 4716 (2004)",15341487
251,CHEMBL182283,"Bioorg. Med. Chem. Lett., 14, p. 3907 (2004)",15225695
252,CHEMBL495902,"Bioorg. Med. Chem. Lett., 18, p. 5285 (2008)",18789685
253,CHEMBL1909351,"Bioorg. Med. Chem. Lett., 13, p. 2985 (2003)",12941317
254,CHEMBL365297,"J. Med. Chem., 47, p. 4716 (2004)",15341487
255,CHEMBL362155,"J. Med. Chem., 47, p. 4716 (2004)",15341487
256,CHEMBL186213,"J. Med. Chem., 47, p. 4716 (2004)",15341487
257,CHEMBL188257,"J. Med. Chem., 47, p. 4716 (2004)",15341487
258,CHEMBL427159,"J. Med. Chem., 47, p. 4716 (2004)",15341487
259,CHEMBL185939,"J. Med. Chem., 47, p. 4716 (2004)",15341487
260,CHEMBL188784,"J. Med. Chem., 47, p. 4716 (2004)",15341487
261,CHEMBL189148,"J. Med. Chem., 47, p. 4716 (2004)",15341487
262,CHEMBL188794,"J. Med. Chem., 47, p. 4716 (2004)",15341487
263,CHEMBL305477,"Bioorg. Med. Chem. Lett., 14, p. 2121 (2004)",15080992
264,CHEMBL303687,"Bioorg. Med. Chem. Lett., 14, p. 2121 (2004)",15080992
265,CHEMBL434729,"J. Med. Chem., 47, p. 4716 (2004)",15341487
266,CHEMBL1909360,"Bioorg. Med. Chem. Lett., 15, p. 3519 (2005)",15990302
267,CHEMBL1909361,"Bioorg. Med. Chem. Lett., 15, p. 3519 (2005)",15990302
268,CHEMBL1909362,"Bioorg. Med. Chem. Lett., 15, p. 3519 (2005)",15990302
269,CHEMBL103104,"Bioorg. Med. Chem. Lett., 13, p. 2985 (2003)",12941317
270,CHEMBL103115,"Bioorg. Med. Chem. Lett., 13, p. 2985 (2003)",12941317
271,CHEMBL188247,"J. Med. Chem., 47, p. 4716 (2004)",15341487
272,CHEMBL189459,"J. Med. Chem., 47, p. 4716 (2004)",15341487
273,CHEMBL520037,"Bioorg. Med. Chem. Lett., 18, p. 6214 (2008)",18929484
274,CHEMBL514499,"Bioorg. Med. Chem. Lett., 19, p. 1694 (2009)",19237286
275,CHEMBL232601,"Bioorg. Med. Chem. Lett., 17, p. 1296 (2007)",17194588
276,CHEMBL514162,"Bioorg. Med. Chem. Lett., 19, p. 1694 (2009)",19237286
277,CHEMBL481510,"Bioorg. Med. Chem. Lett., 19, p. 1018 (2009)",19097784
278,CHEMBL480371,"Bioorg. Med. Chem. Lett., 19, p. 1018 (2009)",19097784
279,CHEMBL241517,"Bioorg. Med. Chem. Lett., 17, p. 250 (2007)",17027260
280,CHEMBL519881,"Bioorg. Med. Chem. Lett., 18, p. 6214 (2008)",18929484
281,CHEMBL507329,"Bioorg. Med. Chem. Lett., 19, p. 1332 (2009)",19208477
282,CHEMBL486124,"Bioorg. Med. Chem. Lett., 18, p. 6214 (2008)",18929484
283,CHEMBL506153,"J. Med. Chem., 51, p. 5663 (2008)",18800763
284,CHEMBL14112,"Bioorg. Med. Chem. Lett., 8, p. 3111 (1998)",9873686
285,CHEMBL274863,"Bioorg. Med. Chem. Lett., 8, p. 3111 (1998)",9873686
286,CHEMBL1909407,"Bioorg. Med. Chem. Lett., 11, p. 2867 (2001)",11597418
287,CHEMBL95207,"Bioorg. Med. Chem. Lett., 11, p. 2867 (2001)",11597418
288,CHEMBL95502,"Bioorg. Med. Chem. Lett., 11, p. 2867 (2001)",11597418
289,CHEMBL1888586,"Bioorg. Med. Chem. Lett., 11, p. 2867 (2001)",11597418
290,CHEMBL330422,"Bioorg. Med. Chem. Lett., 11, p. 2867 (2001)",11597418
291,CHEMBL318892,"Bioorg. Med. Chem. Lett., 11, p. 2867 (2001)",11597418
292,CHEMBL275798,"Bioorg. Med. Chem. Lett., 11, p. 1123 (2001)",11354358
293,CHEMBL269450,"Bioorg. Med. Chem. Lett., 11, p. 1123 (2001)",11354358
294,CHEMBL275724,"Bioorg. Med. Chem. Lett., 11, p. 1123 (2001)",11354358
295,CHEMBL428877,"Bioorg. Med. Chem. Lett., 11, p. 1123 (2001)",11354358
296,CHEMBL13972,"Bioorg. Med. Chem. Lett., 11, p. 1123 (2001)",11354358
297,CHEMBL13868,"Bioorg. Med. Chem. Lett., 11, p. 1123 (2001)",11354358
298,CHEMBL273611,"Bioorg. Med. Chem. Lett., 11, p. 1123 (2001)",11354358
299,CHEMBL14014,"Bioorg. Med. Chem. Lett., 11, p. 1123 (2001)",11354358
300,CHEMBL417804,"Bioorg. Med. Chem. Lett., 11, p. 1123 (2001)",11354358
301,CHEMBL275666,"Bioorg. Med. Chem. Lett., 11, p. 1123 (2001)",11354358
302,CHEMBL1785004,"Bioorg. Med. Chem. Lett., 11, p. 1123 (2001)",11354358
303,CHEMBL418348,"Bioorg. Med. Chem. Lett., 11, p. 1123 (2001)",11354358
304,CHEMBL1785002,"Bioorg. Med. Chem. Lett., 11, p. 1123 (2001)",11354358
305,CHEMBL1785003,"Bioorg. Med. Chem. Lett., 11, p. 1123 (2001)",11354358
306,CHEMBL275200,"Bioorg. Med. Chem. Lett., 11, p. 1123 (2001)",11354358
307,CHEMBL275168,"Bioorg. Med. Chem. Lett., 11, p. 1123 (2001)",11354358
308,CHEMBL1909400,"Bioorg. Med. Chem. Lett., 11, p. 1123 (2001)",11354358
309,CHEMBL1909401,"Bioorg. Med. Chem. Lett., 11, p. 1123 (2001)",11354358
310,CHEMBL156524,"Bioorg. Med. Chem. Lett., 11, p. 635 (2001)",11266159
311,CHEMBL397570,"Bioorg. Med. Chem. Lett., 17, p. 1296 (2007)",17194588
312,CHEMBL352222,"Bioorg. Med. Chem. Lett., 11, p. 635 (2001)",11266159
313,CHEMBL160876,"Bioorg. Med. Chem. Lett., 11, p. 635 (2001)",11266159
314,CHEMBL347580,"Bioorg. Med. Chem. Lett., 11, p. 635 (2001)",11266159
315,CHEMBL156263,"Bioorg. Med. Chem. Lett., 11, p. 635 (2001)",11266159
316,CHEMBL157258,"Bioorg. Med. Chem. Lett., 11, p. 635 (2001)",11266159
317,CHEMBL160937,"Bioorg. Med. Chem. Lett., 11, p. 635 (2001)",11266159
318,CHEMBL1909377,"J. Med. Chem., 45, p. 999 (2002)",11855979
319,CHEMBL156987,"Bioorg. Med. Chem. Lett., 11, p. 635 (2001)",11266159
320,CHEMBL160333,"Bioorg. Med. Chem. Lett., 11, p. 635 (2001)",11266159
321,CHEMBL267228,"J. Med. Chem., 45, p. 999 (2002)",11855979
322,CHEMBL1909378,"J. Med. Chem., 45, p. 999 (2002)",11855979
323,CHEMBL399410,"Bioorg. Med. Chem. Lett., 17, p. 5514 (2007)",17826092
324,CHEMBL1909412,"Bioorg. Med. Chem. Lett., 16, p. 378 (2006)",16260133
325,CHEMBL1909414,"Bioorg. Med. Chem. Lett., 18, p. 4373 (2008)",18621524
326,CHEMBL1909413,"Bioorg. Med. Chem. Lett., 16, p. 378 (2006)",16260133
327,CHEMBL1794071,"Bioorg. Med. Chem. Lett., 18, p. 4373 (2008)",18621524
328,CHEMBL237570,"Bioorg. Med. Chem. Lett., 17, p. 5514 (2007)",17826092
329,CHEMBL237571,"Bioorg. Med. Chem. Lett., 17, p. 5514 (2007)",17826092
330,CHEMBL1909342,"Bioorg. Med. Chem. Lett., 17, p. 1296 (2007)",17194588
331,CHEMBL1909343,"Bioorg. Med. Chem. Lett., 13, p. 1581 (2003)",12699760
332,CHEMBL1909344,"Bioorg. Med. Chem. Lett., 13, p. 1581 (2003)",12699760
333,CHEMBL1794072,"Bioorg. Med. Chem. Lett., 18, p. 4373 (2008)",18621524
334,CHEMBL1909345,"Bioorg. Med. Chem. Lett., 13, p. 1581 (2003)",12699760
336,CHEMBL408732,"Bioorg. Med. Chem. Lett., 13, p. 3055 (2003)",12941332
337,CHEMBL260417,"Bioorg. Med. Chem. Lett., 13, p. 3059 (2003)",12941333
338,CHEMBL261129,"Bioorg. Med. Chem. Lett., 13, p. 3055 (2003)",12941332
339,CHEMBL405021,"Bioorg. Med. Chem. Lett., 13, p. 3059 (2003)",12941333
340,CHEMBL189231,"Bioorg. Med. Chem. Lett., 15, p. 3402 (2005)",15950465
341,CHEMBL261440,"Bioorg. Med. Chem. Lett., 13, p. 3059 (2003)",12941333
342,CHEMBL419903,"Bioorg. Med. Chem. Lett., 13, p. 3059 (2003)",12941333
343,CHEMBL188048,"Bioorg. Med. Chem. Lett., 15, p. 3402 (2005)",15950465
344,CHEMBL185962,"Bioorg. Med. Chem. Lett., 15, p. 3402 (2005)",15950465
345,CHEMBL188240,"Bioorg. Med. Chem. Lett., 15, p. 3407 (2005)",15955699
346,CHEMBL103098,"Bioorg. Med. Chem. Lett., 13, p. 3059 (2003)",12941333
347,CHEMBL185710,"Bioorg. Med. Chem. Lett., 15, p. 3402 (2005)",15950465
349,CHEMBL408564,"Bioorg. Med. Chem. Lett., 13, p. 3059 (2003)",12941333
350,CHEMBL407113,"Bioorg. Med. Chem. Lett., 13, p. 3059 (2003)",12941333
351,CHEMBL103080,"Bioorg. Med. Chem. Lett., 13, p. 3059 (2003)",12941333
352,CHEMBL102936,"Bioorg. Med. Chem. Lett., 13, p. 3059 (2003)",12941333
353,CHEMBL101804,"Bioorg. Med. Chem. Lett., 13, p. 3059 (2003)",12941333
354,CHEMBL187985,"Bioorg. Med. Chem. Lett., 15, p. 3407 (2005)",15955699
355,CHEMBL188268,"Bioorg. Med. Chem. Lett., 15, p. 3407 (2005)",15955699
356,CHEMBL365072,"Bioorg. Med. Chem. Lett., 15, p. 3407 (2005)",15955699
357,CHEMBL191105,"Bioorg. Med. Chem. Lett., 15, p. 3407 (2005)",15955699
358,CHEMBL1909376,"J. Med. Chem., 51, p. 5663 (2008)",18800763
359,CHEMBL1909384,"J Pharmacol Exp Ther, 320, p. 89 (2007)",17018693
360,CHEMBL233002,"Bioorg. Med. Chem. Lett., 17, p. 1296 (2007)",17194588
361,CHEMBL346551,"Bioorg. Med. Chem. Lett., 11, p. 635 (2001)",11266159
362,CHEMBL1909406,"Bioorg. Med. Chem. Lett., 8, p. 3111 (1998)",9873686
363,CHEMBL266707,"J. Med. Chem., 45, p. 999 (2002)",11855979
