key_numbers,Name,Groups,Family,Subfamily,Entrez_GeneID,Entrez_description,uniprot_IDs,location,Alias,uni_accession,gene_name
0,AKT1,AGC,Akt,,207.0,v-akt murine thymoma viral oncogene homolog 1,AKT1_HUMAN,Cytoplasm. Nucleus. Cell membrane.,"MGC99656, RAC, RAC-ALPHA, PRKBA, Akt, PKB, AKT1, c-Akt, PKBalpha",P31749,AKT1
1,AKT2,AGC,Akt,,208.0,v-akt murine thymoma viral oncogene homolog 2,AKT2_HUMAN,Cytoplasm. Nucleus. Cell membrane; Peripheral membrane protein. Early endosome.,"PRKBB, AKT2, RAC-BETA, PKBBETA",P31751,AKT2
2,AKT3,AGC,Akt,,10000.0,"v-akt murine thymoma viral oncogene homolog 3 (protein kinase B, gamma)",AKT3_HUMAN,Nucleus. Cytoplasm. Membrane.,"STK-2, PRKBG, RAC-GAMMA, AKT3, DKFZP434N0250, PKBG, RAC-gamma, RAC-PK-gamma",Q9Y243,AKT3
3,CRIK,AGC,DMPK,CRIK,11113.0,"citron (rho-interacting, serine/threonine kinase 21)",CTRO_HUMAN,Cytoplasm..,"CIT, KIAA0949, STK21, CRIK",O14578,CIT
4,DMPK1,AGC,DMPK,GEK,1760.0,dystrophia myotonica-protein kinase,DMPK_HUMAN,"Endoplasmic reticulum membrane. Nucleus outer membrane. Mitochondrion outer membrane. Sarcoplasmic reticulum membrane. Cell membrane. Cytoplasm, cytosol.","DMPK1, DM, DMK, DM1, DMPK, DM1PK",Q09013,DMPK
5,MRCKa,AGC,DMPK,GEK,8476.0,CDC42 binding protein kinase alpha (DMPK-like),MRCKA_HUMAN,"Cytoplasm. Cell projection, lamellipodium.","DKFZp686L1738, DKFZp686P1738, PK428, FLJ23347, KIAA0451, CDC42BPA, MRCKA, MRCKa, MRCK",Q5VT25,CDC42BPA
6,MRCKb,AGC,DMPK,GEK,9578.0,CDC42 binding protein kinase beta (DMPK-like),MRCKB_HUMAN,"Cytoplasm. Cell membrane. Cell junction. Cell projection, lamellipodium.","MRCKb, MRCKB, KIAA1124, CDC42BPB",Q9Y5S2,CDC42BPB
7,DMPK2,AGC,DMPK,GEK,55561.0,CDC42 binding protein kinase gamma (DMPK-like),MRCKG_HUMAN,Cytoplasm.,"DMPK2, CDC42BPG, MRCKgamma, HSMDPKIN, KAPPA-200",Q6DT37,CDC42BPG
8,ROCK1,AGC,DMPK,ROCK,6093.0,"Rho-associated, coiled-coil containing protein kinase 1",ROCK1_HUMAN,"Cytoplasm. Cytoplasm, cytoskeleton, microtubule organizing center, centrosome, centriole. Golgi apparatus membrane; Peripheral membrane protein. Cell projection, bleb. Cytoplasm, cytoskeleton. Cell membrane. Cell projection, lamellipodium. Cell projection, ruffle.","p160ROCK1, Hs.ROCK1, MGC131603, ROCK1, MGC43611, Hs.198533, P160ROCK",Q13464,ROCK1
9,ROCK2,AGC,DMPK,ROCK,9475.0,"Rho-associated, coiled-coil containing protein kinase 2",ROCK2_HUMAN,"Cytoplasm. Cell membrane. Nucleus. Cytoplasm, cytoskeleton, microtubule organizing center, centrosome.","KIAA0619, ROCK2, ROCK_II",O75116,ROCK2
10,BARK1,AGC,GRK,BARK,156.0,"adrenergic, beta, receptor kinase 1",ARBK1_HUMAN,Cytoplasm. Cell membrane..,"BETA-ARK1, GRK2, BARK1, beta_ARK, beta-ARK-1, Ark, ADRBK1",P25098,GRK2
11,BARK2,AGC,GRK,BARK,157.0,"adrenergic, beta, receptor kinase 2",ARBK2_HUMAN,-,"BARK2, ADRBK2, GRK3",P35626,GRK3
12,GPRK4,AGC,GRK,GRK,2868.0,G protein-coupled receptor kinase 4,GRK4_HUMAN,"Cytoplasm. Cytoplasm, cell cortex.","IT11, GPRK4, GRK4, GRK4B, GRK4A, HUMGPRKLG, GPRK2L",P32298,GRK4
13,GPRK5,AGC,GRK,GRK,2869.0,G protein-coupled receptor kinase 5,GRK5_HUMAN,Cytoplasm. Nucleus. Cell membrane; Peripheral membrane protein.,"GRK5, GPRK5",P34947,GRK5
14,GPRK6,AGC,GRK,GRK,2870.0,G protein-coupled receptor kinase 6,GRK6_HUMAN,Membrane; Lipid-anchor..,"GRK6, FLJ32135, GPRK6",P43250,GRK6
15,RHOK,AGC,GRK,GRK,6011.0,G protein-coupled receptor kinase 1,RK_HUMAN,Membrane..,"RHOK, Hs.158325, GPRK1, GRK1, RK",Q15835,GRK1
16,GPRK7,AGC,GRK,GRK,131890.0,G protein-coupled receptor kinase 7,GRK7_HUMAN,Membrane..,"GRK7, GPRK7",Q8WTQ7,GRK7
17,MAST1,AGC,MAST,MAST,22983.0,microtubule associated serine/threonine kinase 1,MAST1_HUMAN,"Cell membrane. Cytoplasm, cytoskeleton.","SAST170, MAST1, SAST, KIAA0973",Q9Y2H9,MAST1
18,MAST3,AGC,MAST,MAST,23031.0,microtubule associated serine/threonine kinase 3,MAST3_HUMAN,-,"KIAA0561, Hs.173864, MAST3",O60307,MAST3
19,MAST2,AGC,MAST,MAST,23139.0,microtubule associated serine/threonine kinase 2,MAST2_HUMAN,"Cytoplasm, cytoskeleton. Cell membrane.","Hs.101474, MTSSK, MAST205, KIAA0807, MAST2, FLJ39200, RP4-533D7.1",Q6P0Q8,MAST2
20,MAST4,AGC,MAST,MAST,375449.0,similar to microtubule associated testis specific serine/threonine protein kinase,MAST4_HUMAN,Cytoplasm..,"MAST4, LOC375449",O15021,MAST4
21,MASTL,AGC,MAST,MASTL,84930.0,microtubule associated serine/threonine kinase-like,GWL_HUMAN,"Cytoplasm, cytoskeleton, microtubule organizing center, centrosome. Nucleus. Cleavage furrow.","RP11-85G18.2, FLJ14813, THC2, MASTL",Q96GX5,MASTL
22,LATS1,AGC,NDR,,9113.0,"LATS, large tumor suppressor, homolog 1 (Drosophila)",LATS1_HUMAN,"Cytoplasm, cytoskeleton, microtubule organizing center, centrosome.","LATS1, wts, WARTS",O95835,LATS1
23,NDR1,AGC,NDR,,11329.0,serine/threonine kinase 38,STK38_HUMAN,Nucleus. Cytoplasm..,"STK38, NDR, NDR1",Q15208,STK38
24,NDR2,AGC,NDR,,23012.0,serine/threonine kinase 38 like,ST38L_HUMAN,"Cytoplasm. Cytoplasm, cytoskeleton. Membrane.","KIAA0965, STK38L, NDR2",Q9Y2H1,STK38L
25,LATS2,AGC,NDR,,26524.0,"LATS, large tumor suppressor, homolog 2 (Drosophila)",LATS2_HUMAN,"Cytoplasm, cytoskeleton, microtubule organizing center, centrosome. Cytoplasm. Cytoplasm, cytoskeleton, spindle pole. Nucleus.","LATS2, KPM, FLJ13161",Q9NRM7,LATS2
26,PDK1,AGC,PDK1,,5170.0,3-phosphoinositide dependent protein kinase-1,PDPK1_HUMAN,"Cytoplasm. Nucleus. Cell membrane; Peripheral membrane protein. Cell junction, focal adhesion.","MGC35290, PRO0461, PkB-like, PDK1, PkB-like 1, PDPK1, MGC20087",O15530,PDPK1
27,PKACa,AGC,PKA,,5566.0,"protein kinase, cAMP-dependent, catalytic, alpha",KAPCA_HUMAN,Cytoplasm. Cell membrane. Nucleus. Mitochondrion. Membrane.,"Hs.169269, Calpha, cPKA, MGC48865, MGC102831, PKACA, PRKACA, PKACa",P17612,PRKACA
28,PKACb,AGC,PKA,,5567.0,"protein kinase, cAMP-dependent, catalytic, beta",KAPCB_HUMAN,Cytoplasm. Cell membrane. Membrane. Nucleus.,"MGC9320, MGC41879, PKA, DKFZp781I2452, PKACB, PRKACB, PKACb",P22694,PRKACB
29,PKACg,AGC,PKA,,5568.0,"protein kinase, cAMP-dependent, catalytic, gamma",KAPCG_HUMAN,-,"KAPG, PRKACG, PKACg",P22612,PRKACG
30,PRKX,AGC,PKA,,5613.0,"protein kinase, X-linked",PRKX_HUMAN,Cytoplasm. Nucleus.,"PRKX, PKX1",P51817,PRKX
32,PKCa,AGC,PKC,Alpha,5578.0,"protein kinase C, alpha",KPCA_HUMAN,Cytoplasm. Cell membrane. Mitochondrion membrane. Nucleus..,"PKC-alpha, PKCA, PRKCA, AAG6, PKCalpha, PKCa, MGC129901, MGC129900, PRKACA",P17252,PRKCA
33,PKCb,AGC,PKC,Alpha,5579.0,"protein kinase C, beta 1",KPCB_HUMAN,Cytoplasm. Nucleus. Membrane..,"PKCB, MGC41878, PKC-beta, PRKCB, PKCb, PKCbeta, PRKCB1, PRKCB2",P05771,PRKCB
34,PKCg,AGC,PKC,Alpha,5582.0,"protein kinase C, gamma",KPCG_HUMAN,"Cytoplasm. Cytoplasm, perinuclear region. Cell membrane. Cell junction, synapse, synaptosome. Cell projection, dendrite.","SCA14, PKC-gamma, PRKCG, PKCC, PKCg, MGC57564, PKCG",P05129,PRKCG
35,PKCd,AGC,PKC,Delta,5580.0,"protein kinase C, delta",KPCD_HUMAN,"Cytoplasm. Cytoplasm, perinuclear region. Nucleus. Cell membrane..","nPKC-delta, PKCd, PKCdelta, MGC49908, PRKCD, MAY1, PKCD",Q05655,PRKCD
36,PKCt,AGC,PKC,Delta,5588.0,"protein kinase C, theta",KPCT_HUMAN,Cytoplasm. Cell membrane; Peripheral membrane protein.,"PKC-theta, PKCt, MGC141919, Hs.89615, MGC126514, Hs.PRKCQ, nPKC-theta, PRKCQ, PRKCT",Q04759,PRKCQ
37,PKCe,AGC,PKC,Eta,5581.0,"protein kinase C, epsilon",KPCE_HUMAN,"Cytoplasm. Cytoplasm, cytoskeleton. Cell membrane. Cytoplasm, perinuclear region. Nucleus.","Hs.395751, PKCe, PRKCE, PKCepsilon, nPKC-epsilon, PKCE, MGC125657, MGC125656",Q02156,PRKCE
38,PKCh,AGC,PKC,Eta,5583.0,"protein kinase C, eta",KPCL_HUMAN,Cytoplasm..,"PRKCH, nPKC-eta, PRKCL, MGC26269, PKC-L, PKCh, MGC5363, PKCL",P24723,PRKCH
39,PKCi,AGC,PKC,Iota,5584.0,"protein kinase C, iota",KPCI_HUMAN,Cytoplasm. Membrane. Endosome. Nucleus.,"PRKCI, PKCI, MGC26534, nPKC-iota, PKCi, DXS1179E",P41743,PRKCI
40,PKCz,AGC,PKC,Iota,5590.0,"protein kinase C, zeta",KPCZ_HUMAN,Cytoplasm. Endosome. Cell junction. Membrane.,"PKCz, PKC2, PKCzeta, Hs.199054, PRKCZ",Q05513,PRKCZ
41,PKG1,AGC,PKG,,5592.0,"protein kinase, cGMP-dependent, type I",KGP1_HUMAN,Cytoplasm.,"FLJ36117, PRKGR1B, MGC71944, PKG1, PGK, cGKI, cGKI-BETA, PRKG1, PRKG1B, cGKI-alpha",Q13976,PRKG1
42,PKG2,AGC,PKG,,5593.0,"protein kinase, cGMP-dependent, type II",KGP2_HUMAN,Apical cell membrane..,"PRKGR2, PKG2, cGKII, PRKG2",Q13237,PRKG2
43,PKN1,AGC,PKN,,5585.0,protein kinase N1,PKN1_HUMAN,Cytoplasm. Nucleus. Endosome. Cell membrane. Cleavage furrow. Midbody.,"DBK, PKN1, PRK1, MGC46204, PRKCL1, PKN, PAK1",Q16512,PKN1
44,PKN2,AGC,PKN,,5586.0,protein kinase N2,PKN2_HUMAN,"Cytoplasm. Nucleus. Membrane. Cell projection, lamellipodium. Cytoplasm, cytoskeleton. Cleavage furrow. Midbody. Cell junction.","PRO2042, PKN2, MGC71074, PRK2, PRKCL2, Pak-2, MGC150606, PAK2",Q16513,PKN2
45,PKN3,AGC,PKN,,29941.0,protein kinase N3,PKN3_HUMAN,"Nucleus. Cytoplasm, perinuclear region.","PKN3, PKNBETA, pknbeta, RP11-545E17.1",Q6P5Z2,PKN3
46,MSK2,AGC,RSK,MSK,8986.0,"ribosomal protein S6 kinase, 90kDa, polypeptide 4",KS6A4_HUMAN,Nucleus..,"RPS6KA4, RSKB, MSK2, RSK-B",O75676,RPS6KA4
47,MSK1,AGC,RSK,MSK,9252.0,"ribosomal protein S6 kinase, 90kDa, polypeptide 5",KS6A5_HUMAN,Nucleus. Cytoplasm.,"MSK1, MSPK1, RLPK, MGC1911, RPS6KA5",O75582,RPS6KA5
48,p70S6K,AGC,RSK,p70,6198.0,"ribosomal protein S6 kinase, 70kDa, polypeptide 1",KS6B1_HUMAN,"Cell junction, synapse, synaptosome. Mitochondrion outer membrane. Mitochondrion.","p70(S6K)-alpha, p70s6k, S6K, STK14A, S6K1, p70S6K, RPS6KB1, PS6K, p70-alpha, p70-S6K",P23443,RPS6KB1
49,p70S6Kb,AGC,RSK,p70,6199.0,"ribosomal protein S6 kinase, 70kDa, polypeptide 2",KS6B2_HUMAN,Cytoplasm. Nucleus..,"P70-beta-1, p70S6Kb, P70-beta-2, P70-BETA, STK14B, p70(S6K)-beta, SRK, P70S6KB, RPS6KB2, KLS, S6K2, S6K-beta2",Q9UBS0,RPS6KB2
50,RSK3,AGC,RSK,RSK,6195.0,"ribosomal protein S6 kinase, 90kDa, polypeptide 1",KS6A1_HUMAN,Nucleus. Cytoplasm..,"RPS6KA1, RSK1 (original kinome, RSK, MAPKAPK1A, HU-1, now swapped with RSK3), p90rsk, S6K-alpha 1, RSK1, RSK3",Q15418,RPS6KA1
51,RSK1,AGC,RSK,RSK,6196.0,"ribosomal protein S6 kinase, 90kDa, polypeptide 2",KS6A2_HUMAN,Nucleus. Cytoplasm..,"RSK3 (original kinome, RPS6KA2, S6K-alpha2, RSK, HU-2, S6K-alpha, Hs.RPS6KA2, MAPKAPK1C, Hs.90859, p90-RSK3, pp90RSK3, RSK1, now swapped with RSK1), RSK3",Q15349,RPS6KA2
52,RSK2,AGC,RSK,RSK,6197.0,"ribosomal protein S6 kinase, 90kDa, polypeptide 3",KS6A3_HUMAN,Nucleus. Cytoplasm..,"RPS6KA3, RSK, HU-2, HU-3, ISPK-1, MRX19, p90-RSK2, pp90RSK2, MAPKAPK1B, RSK2, S6K-alpha3, CLS",P51812,RPS6KA3
53,RSK4,AGC,RSK,RSK,27330.0,"ribosomal protein S6 kinase, 90kDa, polypeptide 6",KS6A6_HUMAN,"Cytoplasm, cytosol. Nucleus.","RSK4, RPS6KA6",Q9UK32,RPS6KA6
54,RSKL1,AGC,RSKL,,26750.0,"ribosomal protein S6 kinase, 52kDa, polypeptide 1",KS6C1_HUMAN,Cytoplasm. Membrane. Early endosome..,"humS6PKh1, RPS6KC1, RSKL1, RPK118",Q96S38,RPS6KC1
55,RSKL2,AGC,RSKL,,83694.0,ribosomal protein S6 kinase-like 1,RPKL1_HUMAN,-,"FLJ35734, MGC11287, RPS6KL1, RSKL2",Q9Y6S9,RPS6KL1
57,SGK1,AGC,SGK,,6446.0,serum/glucocorticoid regulated kinase,SGK1_HUMAN,Cytoplasm. Nucleus. Endoplasmic reticulum membrane. Cell membrane. Mitochondrion.,"SGK, SGK1",O00141,SGK1
58,SGK2,AGC,SGK,,10110.0,serum/glucocorticoid regulated kinase 2,SGK2_HUMAN,Cytoplasm. Nucleus..,"H-SGK2, dJ138B7.2, SGK2",Q9HBY8,SGK2
59,SGK3,AGC,SGK,,23678.0,"serum/glucocorticoid regulated kinase family, member 3",SGK3_HUMAN,Cytoplasmic vesicle. Early endosome. Recycling endosome.,"DKFZp781N0293, SGKL, SGK3, SGK2, CISK",Q96BR1,SGK3
60,YANK2,AGC,YANK,,55351.0,serine/threonine kinase 32B,ST32B_HUMAN,-,"STK32B, STK32, STKG6, HSA250839, YANK2",Q9NY57,STK32B
61,YANK1,AGC,YANK,,202374.0,serine/threonine kinase 32A,ST32A_HUMAN,Cell membrane; Lipid-anchor..,"STK32A, YANK1, MGC22688",Q8WU08,STK32A
62,YANK3,AGC,YANK,,282974.0,serine/threonine kinase 32C,ST32C_HUMAN,-,"STK32C, RP11-140A10.1, MGC23665, PKE, YANK3",Q86UX6,STK32C
63,ADCK3,Atypical,ABC1,ABC1-A,56997.0,"chaperone, ABC1 activity of bc1 complex homolog (S. pombe)",COQ8A_HUMAN,Mitochondrion. Membrane..,"LOC56997, MGC4849, CABC1, ADCK3, COQ8",Q8NI60,COQ8A
64,ADCK4,Atypical,ABC1,ABC1-A,79934.0,aarF domain containing kinase 4,COQ8B_HUMAN,"Mitochondrion membrane. Cytoplasm, cytosol. Cell membrane..","FLJ12229, ADCK4, COQ8",Q96D53,COQ8B
65,ADCK1,Atypical,ABC1,ABC1-B,57143.0,aarF domain containing kinase 1,ADCK1_HUMAN,Secreted..,"LOC57143, FLJ39600, ADCK1",Q86TW2,ADCK1
66,ADCK5,Atypical,ABC1,ABC1-B,203054.0,aarF domain containing kinase 5,ADCK5_HUMAN,Membrane..,"FLJ35454, ADCK5, MGC126708",Q3MIX3,ADCK5
67,ADCK2,Atypical,ABC1,ABC1-C,90956.0,aarF domain containing kinase 2,ADCK2_HUMAN,Membrane..,"ADCK2, MGC20727, AARF",Q7Z695,ADCK2
68,AlphaK1,Atypical,Alpha,Alpha-Unclassified,57538.0,alpha-kinase 3,ALPK3_HUMAN,Nucleus..,"ALPK3, KIAA1330, AlphaK1, MIDORI, MAK, FLJ21176",Q96L96,ALPK3
69,AlphaK3,Atypical,Alpha,Alpha-Unclassified,80216.0,alpha-kinase 1,ALPK1_HUMAN,"Cytoplasm, cytosol..","ALPK1, FLJ22670, 8430410J10Rik, LAK, AlphaK3, KIAA1527",Q96QP1,ALPK1
70,AlphaK2,Atypical,Alpha,Alpha-Unclassified,115701.0,alpha-kinase 2,ALPK2_HUMAN,-,"AlphaK2, FLJ43253, HAK, ALPK2, FLJ34875",Q86TB3,ALPK2
71,ChaK1,Atypical,Alpha,ChaK,54822.0,"transient receptor potential cation channel, subfamily M, member 7",TRPM7_HUMAN,Membrane..,"FLJ25718, FLJ20117, CHAK, ChaK1, LTRPC7, CHAK1, TRP-PLIK, TRPM7",Q96QT4,TRPM7
72,ChaK2,Atypical,Alpha,ChaK,140803.0,"transient receptor potential cation channel, subfamily M, member 6",TRPM6_HUMAN,Cell membrane; Multi-pass membrane protein..,"CHAK2, HSH, ChaK2, HMGX, FLJ20087, TRPM6, HOMG",Q9BX84,TRPM6
73,eEF2K,Atypical,Alpha,eEF2K,29904.0,eukaryotic elongation factor-2 kinase,EF2K_HUMAN,-,"eEF2K, EEF2K, eEF-2K, HSU93850, MGC45041",O00418,EEF2K
74,BCR,Atypical,BCR,,613.0,breakpoint cluster region,BCR_HUMAN,"Cell junction, synapse, postsynaptic cell membrane, postsynaptic density..","BCR1, CML, D22S11, PHL, D22S662, ALL, FLJ16453, FGFR1/BCR, BCR/FGFR1, BCR",P11274,BCR
75,BRDT,Atypical,BRD,,676.0,"bromodomain, testis-specific",BRDT_HUMAN,Nucleus.,"BRDT, BRD6",Q58F21,BRDT
76,BRD2,Atypical,BRD,,6046.0,bromodomain containing 2,BRD2_HUMAN,Nucleus.,"KIAA9001, NAT, FSRG1, RING3, D6S113E, FLJ31942, DKFZp686N0336, RNF3, BRD2",P25440,BRD2
77,BRD3,Atypical,BRD,,8019.0,bromodomain containing 3,BRD3_HUMAN,Nucleus.,"RING3L, ORFX, KIAA0043, BRD3",Q15059,BRD3
78,BRD4,Atypical,BRD,,23476.0,bromodomain containing 4,BRD4_HUMAN,Nucleus. Chromosome.,"BRD4, MCAP, CAP, HUNKI",O60885,BRD4
79,FASTK,Atypical,FAST,,10922.0,Fas-activated serine/threonine kinase,FASTK_HUMAN,Isoform 4: Mitochondrion matrix.,"FASTK, FLJ13079, FAST",Q14296,FASTK
80,G11,Atypical,G11,,8859.0,serine/threonine kinase 19,STK19_HUMAN,Nucleus..,"RP1, STK19, D6S60, MGC117388, D6S60E, HLA-RP1, G11",P49842,STK19
81,H11,Atypical,H11,,26353.0,heat shock 22kDa protein 8,HSPB8_HUMAN,Cytoplasm. Nucleus.,H11,Q9UJY1,HSPB8
82,BCKDK,Atypical,PDHK,BCKDK,10295.0,branched chain ketoacid dehydrogenase kinase,BCKD_HUMAN,Mitochondrion matrix. Mitochondrion..,BCKDK,O14874,BCKDK
83,PDHK1,Atypical,PDHK,PDHK,5163.0,"pyruvate dehydrogenase kinase, isozyme 1",PDK1_HUMAN,Mitochondrion matrix..,"PDK1, PDHK1",Q15118,PDK1
84,PDHK2,Atypical,PDHK,PDHK,5164.0,"pyruvate dehydrogenase kinase, isozyme 2",PDK2_HUMAN,Mitochondrion matrix..,"PDHK2, PDK2",Q15119,PDK2
85,PDHK3,Atypical,PDHK,PDHK,5165.0,"pyruvate dehydrogenase kinase, isozyme 3",PDK3_HUMAN,Mitochondrion matrix..,"PDK3, PDHK3",Q15120,PDK3
86,PDHK4,Atypical,PDHK,PDHK,5166.0,"pyruvate dehydrogenase kinase, isozyme 4",PDK4_HUMAN,Mitochondrion matrix..,"PDHK4, PDK4, FLJ40832",Q16654,PDK4
87,ATM,Atypical,PIKK,ATM,472.0,"ataxia telangiectasia mutated (includes complementation groups A, C and D)",ATM_HUMAN,Nucleus. Cytoplasmic vesicle.,"TEL1, ATD, ATE, ATDC, ATC, ATA, DKFZp781A0353, ATM, MGC74674, AT1, TELO1, TRIM29",Q13315,ATM
88,ATR,Atypical,PIKK,ATR,545.0,ataxia telangiectasia and Rad3 related,ATR_HUMAN,"Cell membrane. Cell projection, lamellipodium membrane. Cell projection, filopodium membrane.","SCKL1, MEC1, ATR, FRP1, SCKL",Q9H6X2,ANTXR1
89,DNAPK,Atypical,PIKK,DNAPK,5591.0,"protein kinase, DNA-activated, catalytic polypeptide",PRKDC_HUMAN,"Nucleus. Nucleus, nucleolus..","p350, DNAPK, HYRC1, DNA-PKcs, DNPK1, HYRC, PRKDC, XRCC7",P78527,PRKDC
90,FRAP,Atypical,PIKK,FRAP,2475.0,FK506 binding protein 12-rapamycin associated protein 1,MTOR_HUMAN,"Endoplasmic reticulum membrane. Golgi apparatus membrane. Mitochondrion outer membrane. Lysosome. Cytoplasm. Nucleus, PML body. Microsome membrane.","RAFT1, FLJ44809, FRAP, FRAP1, FRAP2, Hs.FRAP1, MTOR, RAPT1, Hs.155952",P42345,MTOR
91,SMG1,Atypical,PIKK,SMG1,23049.0,PI-3-kinase-related kinase SMG-1,SMG1_HUMAN,Nucleus. Cytoplasm..,"KIAA0421, LIP, 61E3.4, SMG1, ATX",Q96Q15,SMG1
92,TRRAP,Atypical,PIKK,TRRAP,8295.0,transformation/transcription domain-associated protein,TRRAP_HUMAN,Nucleus..,"PAF400, TR-AP, STAF40, Tra1, TRRAP, FLJ10671, PAF350/400",Q9Y4A5,TRRAP
93,RIOK1,Atypical,RIO,RIO1,83732.0,RIO kinase 1 (yeast),RIOK1_HUMAN,"Cytoplasm, cytosol..","bA288G3.1, RIOK1, MGC12903, AD034, FLJ30006",Q9BRS2,RIOK1
94,RIOK2,Atypical,RIO,RIO2,55781.0,RIO kinase 2 (yeast),RIOK2_HUMAN,Cytoplasm.,"RIOK2, FLJ11159",Q9BVS4,RIOK2
95,RIOK3,Atypical,RIO,RIO3,8780.0,RIO kinase 3 (yeast),RIOK3_HUMAN,Cytoplasm..,"SUDD, RIOK3, DKFZp779L1370",O14730,RIOK3
96,TAF1,Atypical,TAF1,,6872.0,"TAF1 RNA polymerase II, TATA box binding protein (TBP)-associated factor, 250kDa",TAF1_HUMAN,Nucleus..,"BA2R, TAF1, TAF2A, OF, NSCL2, P250, TAFII250, CCGS, CCG1",P21675,TAF1
97,TAF1L,Atypical,TAF1,,138474.0,"TAF1-like RNA polymerase II, TATA box binding protein (TBP)-associated factor, 210kDa",TAF1L_HUMAN,Nucleus..,"MGC134910, TAF2A2, TAF1L",Q8IZX4,TAF1L
98,TIF1a,Atypical,TIF1,,8805.0,tripartite motif-containing 24,TIF1A_HUMAN,Nucleus. Cytoplasm.,"RNF82, TRIM24, TIF1a, hTIF1, TF1A, TIF1ALPHA, TIF1A, TIF1, PTC6",O15164,TRIM24
99,TIF1b,Atypical,TIF1,,10155.0,tripartite motif-containing 28,TIF1B_HUMAN,Nucleus.,"TRIM28, KAP1, TIF1b, RNF96, FLJ29029, TIF1B, TF1B",Q13263,TRIM28
100,TIF1g,Atypical,TIF1,,51592.0,tripartite motif-containing 33,TRI33_HUMAN,Nucleus.,"FLJ32925, TIF1GAMMA, TRIM33, TIF1G, TIF1g, TIFGAMMA, PTC7, RFG7, TF1G",Q9UPN9,TRIM33
101,CaMK4,CAMK,CAMK1,,814.0,calcium/calmodulin-dependent protein kinase IV,KCC4_HUMAN,Cytoplasm. Nucleus.,"CaMK-GR, MGC36771, CaMK4, CAMK4",Q16566,CAMK4
102,CaMK1a,CAMK,CAMK1,,8536.0,calcium/calmodulin-dependent protein kinase I,KCC1A_HUMAN,Cytoplasm. Nucleus.,"CaMK1a, CAMKI, MGC120318, MGC120317, CAMK1",Q14012,CAMK1
103,CaMK1d,CAMK,CAMK1,,57118.0,calcium/calmodulin-dependent protein kinase ID,KCC1D_HUMAN,Cytoplasm. Nucleus.,"CaM-K1, CaMK1d, CKLiK, LOC57118, CaMKID, CAMK1D",Q8IU85,CAMK1D
104,CaMK1g,CAMK,CAMK1,,57172.0,calcium/calmodulin-dependent protein kinase IG,KCC1G_HUMAN,Cytoplasm. Golgi apparatus membrane. Cell membrane..,"CaMK1g, CAMK1G, VWS1, DJ272L16.1, dJ272L16.1, CLICKIII",Q96NX5,CAMK1G
105,CaMK1b,CAMK,CAMK1,,139728.0,pregnancy upregulated non-ubiquitously expressed CaM kinase,KCC1B_HUMAN,Cytoplasm. Nucleus..,"MGC45419, CaMK1b, PNCK",Q6P2M8,PNCK
106,CaMK2a,CAMK,CAMK2,,815.0,calcium/calmodulin-dependent protein kinase (CaM kinase) II alpha,KCC2A_HUMAN,"Cell junction, synapse. Cell junction, synapse, postsynaptic cell membrane, postsynaptic density. Cell projection, dendritic spine. Cell projection, dendrite.","CAMKA, LOC51618, CaMK2a, CAMK2A, KIAA0968",Q9UQM7,CAMK2A
107,CaMK2b,CAMK,CAMK2,,816.0,calcium/calmodulin-dependent protein kinase (CaM kinase) II beta,KCC2B_HUMAN,"Cytoplasm, cytoskeleton. Cytoplasm, cytoskeleton, microtubule organizing center, centrosome. Sarcoplasmic reticulum membrane. Cell junction, synapse.","CAM2, CAMK2, CAMK2B, MGC29528, CaMK2b, CAMKB",Q13554,CAMK2B
108,CaMK2d,CAMK,CAMK2,,817.0,calcium/calmodulin-dependent protein kinase (CaM kinase) II delta,KCC2D_HUMAN,"Cell membrane, sarcolemma. Sarcoplasmic reticulum membrane..","CaMK2d, CAMK2D, MGC44911, CAMKD",Q13557,CAMK2D
109,CaMK2g,CAMK,CAMK2,,818.0,calcium/calmodulin-dependent protein kinase (CaM kinase) II gamma,KCC2G_HUMAN,Sarcoplasmic reticulum membrane..,"CAMK-II, FLJ16043, CaMK2g, MGC26678, CAMK2G, CAMK, CAMKG",Q13555,CAMK2G
110,AMPKa1,CAMK,CAMKL,AMPK,5562.0,"protein kinase, AMP-activated, alpha 1 catalytic subunit",AAPK1_HUMAN,Cytoplasm. Nucleus.,"AMPK, MGC33776, MGC57364, AMPKa1, PRKAA1",Q13131,PRKAA1
111,AMPKa2,CAMK,CAMKL,AMPK,5563.0,"protein kinase, AMP-activated, alpha 2 catalytic subunit",AAPK2_HUMAN,Cytoplasm. Nucleus.,"AMPK2, AMPK, PRKAA, AMPKa2, PRKAA2",P54646,PRKAA2
112,BRSK2,CAMK,CAMKL,BRSK,9024.0,BR serine/threonine kinase 2,BRSK2_HUMAN,"Cytoplasm, cytoskeleton, microtubule organizing center, centrosome. Cytoplasm, perinuclear region. Endoplasmic reticulum.","PEN11B, C11orf7, BRSK2, SAD1, FLJ41362, STK29",Q8IWQ3,BRSK2
113,BRSK1,CAMK,CAMKL,BRSK,84446.0,BR serine/threonine kinase 1,BRSK1_HUMAN,"Cytoplasm. Nucleus. Cytoplasm, cytoskeleton, microtubule organizing center, centrosome. Cell junction, synapse.","KIAA1811, FLJ43009, BRSK1",Q8TDC3,BRSK1
114,CHK1,CAMK,CAMKL,CHK1,1111.0,CHK1 checkpoint homolog (S. pombe),CHK1_HUMAN,"Nucleus. Cytoplasm. Cytoplasm, cytoskeleton, microtubule organizing center, centrosome.","CHEK1, CHK1, p56Chk1",O14757,CHEK1
115,HUNK,CAMK,CAMKL,HUNK,30811.0,hormonally upregulated Neu-associated kinase,HUNK_HUMAN,-,HUNK,P57058,HUNK
116,LKB1,CAMK,CAMKL,LKB,6794.0,serine/threonine kinase 11,STK11_HUMAN,Nucleus. Cytoplasm. Membrane. Mitochondrion.,"LKB1, STK11, PJS",Q15831,STK11
117,MARK2,CAMK,CAMKL,MARK,2011.0,MAP/microtubule affinity-regulating kinase 2,MARK2_HUMAN,"Cell membrane; Peripheral membrane protein. Cytoplasm. Lateral cell membrane. Cytoplasm, cytoskeleton. Cell projection, dendrite. Cytoplasm.","EMK1, MGC99619, PAR-1, MARK2",Q7KZI7,MARK2
118,MARK1,CAMK,CAMKL,MARK,4139.0,MAP/microtubule affinity-regulating kinase 1,MARK1_HUMAN,"Cell membrane. Cytoplasm, cytoskeleton. Cytoplasm. Cell projection, dendrite.","MGC126513, MGC126512, KIAA1477, MARK1, MARK",Q9P0L2,MARK1
119,MARK3,CAMK,CAMKL,MARK,4140.0,MAP/microtubule affinity-regulating kinase 3,MARK3_HUMAN,"Cell membrane. Cell projection, dendrite. Cytoplasm..","KP78, PAR1A, CTAK1, MARK3",P27448,MARK3
120,MARK4,CAMK,CAMKL,MARK,57787.0,MAP/microtubule affinity-regulating kinase 4,MARK4_HUMAN,"Cytoplasm, cytoskeleton, microtubule organizing center, centrosome. Cytoplasm, cytoskeleton, microtubule organizing center. Cytoplasm, cytoskeleton, cilium basal body. Cytoplasm, cytoskeleton, cilium axoneme. Cytoplasm. Cell projection, dendrite.","MARK4, MARKL1, KIAA1860, Nbla00650, FLJ90097",Q96L34,MARK4
121,MELK,CAMK,CAMKL,MELK,9833.0,maternal embryonic leucine zipper kinase,MELK_HUMAN,Cell membrane..,"MELK, HPK38, KIAA0175",Q14680,MELK
122,NIM1,CAMK,CAMKL,NIM1,167359.0,hypothetical protein MGC42105,NIM1_HUMAN,-,"NIM1, MGC42105",Q8IY84,NIM1K
123,NuaK1,CAMK,CAMKL,NuaK,9891.0,"NUAK family, SNF1-like kinase, 1",NUAK1_HUMAN,Nucleus. Cytoplasm..,"NuaK1, ARK5, KIAA0537, NUAK1",O60285,NUAK1
124,NuaK2,CAMK,CAMKL,NuaK,81788.0,"NUAK family, SNF1-like kinase, 2",NUAK2_HUMAN,-,"DKFZP434J037, NuaK2, DKFZp686F01113, SNARK, FLJ90349, NUAK2",Q9H093,NUAK2
125,PASK,CAMK,CAMKL,PASK,23178.0,PAS domain containing serine/threonine kinase,PASK_HUMAN,Cytoplasm. Nucleus.,"PASK, PASKIN, DKFZp686P2031, DKFZP434O051, STK37, KIAA0135",Q96RG2,PASK
126,QIK,CAMK,CAMKL,QIK,23235.0,SNF1-like kinase 2,SIK2_HUMAN,Cytoplasm..,"SNF1LK2, DKFZp434K1115, QIK, SIK2, LOH11CR1I, KIAA0781, Hs.42676",Q9H0K1,SIK2
127,QSK,CAMK,CAMKL,QIK,23387.0,KIAA0999 protein,SIK3_HUMAN,Cytoplasm.,"QSK, KIAA0999, FLJ12240, L19",Q9Y2K2,SIK3
128,SIK,CAMK,CAMKL,QIK,150094.0,SNF1-like kinase,SIK1_HUMAN,Cytoplasm. Nucleus.,"SIK, SNF1LK, MSK",P57059,SIK1
129,SNRK,CAMK,CAMKL,SNRK,54861.0,SNF related kinase,SNRK_HUMAN,Nucleus..,"SNRK, KIAA0096, HSNFRK, FLJ20224, DKFZp779A1866",Q9NRH2,SNRK
130,STK33,CAMK,CAMK-Unique,,65975.0,serine/threonine kinase 33,STK33_HUMAN,"Cytoplasm, perinuclear region..",STK33,Q9BYT3,STK33
131,VACAMKL,CAMK,CAMK-Unique,,79012.0,CaM kinase-like vesicle-associated,CAMKV_HUMAN,Cell membrane. Cytoplasmic vesicle membrane.,"VACAMKL, MGC8407, 1G5, CAMKV",Q8NCB2,CAMKV
132,CASK,CAMK,CASK,,8573.0,calcium/calmodulin-dependent serine protein kinase (MAGUK family),CSKP_HUMAN,Nucleus. Cytoplasm. Cell membrane..,"LIN2, CASK, hCASK",O14936,CASK
133,DAPK1,CAMK,DAPK,DAPK,1612.0,death-associated protein kinase 1,DAPK1_HUMAN,"Isoform 1: Cytoplasm. Cytoplasm, cytoskeleton.","DAPK, DKFZp781I035, DAPK1",P53355,DAPK1
134,DAPK3,CAMK,DAPK,DAPK,1613.0,death-associated protein kinase 3,DAPK3_HUMAN,Nucleus. Cytoplasm.,"ZIPK, DAPK3, ZIP, FLJ36473",O43293,DAPK3
135,DAPK2,CAMK,DAPK,DAPK,23604.0,death-associated protein kinase 2,DAPK2_HUMAN,"Cytoplasm. Cytoplasmic vesicle, autophagosome lumen..","MGC119312, Hs.129208, DRP1, DAPK2, DRP-1",Q9UIK4,DAPK2
136,DRAK2,CAMK,DAPK,DRAK,9262.0,serine/threonine kinase 17b (apoptosis-inducing),ST17B_HUMAN,Nucleus. Cell membrane. Endoplasmic reticulum-Golgi intermediate compartment.,"DRAK2, STK17B",O94768,STK17B
137,DRAK1,CAMK,DAPK,DRAK,9263.0,serine/threonine kinase 17a (apoptosis-inducing),ST17A_HUMAN,Nucleus..,"DRAK1, STK17A",Q9UEE5,STK17A
138,DCLK1,CAMK,DCAMKL,,9201.0,doublecortin and CaM kinase-like 1,DCLK1_HUMAN,-,"DCAMKL1, DCLK1",O15075,DCLK1
139,DCLK3,CAMK,DCAMKL,,85443.0,doublecortin and CaM kinase-like 3,DCLK3_HUMAN,Cytoplasm. Nucleus..,"DCAMKL3, DCLK3",Q9C098,DCLK3
140,DCLK2,CAMK,DCAMKL,,166614.0,doublecortin and CaM kinase-like 2,DCLK2_HUMAN,"Cytoplasm, cytoskeleton.","DCAMKL2, DCLK2",Q8N568,DCLK2
141,MAPKAPK3,CAMK,MAPKAPK,MAPKAPK,7867.0,mitogen-activated protein kinase-activated protein kinase 3,MAPK3_HUMAN,Nucleus. Cytoplasm.,"MAPKAP3, 3PK, MAPKAPK3",Q16644,MAPKAPK3
142,MAPKAPK5,CAMK,MAPKAPK,MAPKAPK,8550.0,mitogen-activated protein kinase-activated protein kinase 5,MAPK5_HUMAN,Cytoplasm. Nucleus.,"MAPKAPK5, MAPKAP5, PRAK",Q8IW41,MAPKAPK5
143,MAPKAPK2,CAMK,MAPKAPK,MAPKAPK,9261.0,mitogen-activated protein kinase-activated protein kinase 2,MAPK2_HUMAN,Cytoplasm. Nucleus.,"MAPKAPK2, MK2",P49137,MAPKAPK2
144,MNK2,CAMK,MAPKAPK,MNK,2872.0,MAP kinase interacting serine/threonine kinase 2,MKNK2_HUMAN,"Isoform 2: Nucleus, PML body.; Isoform 1: Cytoplasm..","MKNK2, GRK7, GPRK7, MNK2",Q9HBH9,MKNK2
145,MNK1,CAMK,MAPKAPK,MNK,8569.0,MAP kinase interacting serine/threonine kinase 1,MKNK1_HUMAN,Isoform 2: Cytoplasm.; Isoform 3: Cytoplasm. Nucleus..,"MKNK1, MNK1",Q9BUB5,MKNK1
146,smMLCK,CAMK,MLCK,,4638.0,"myosin, light chain kinase",MYLK_HUMAN,"Cytoplasm. Cell projection, lamellipodium. Cleavage furrow. Cytoplasm, cytoskeleton, stress fiber.","FLJ12216, MLCK, KRP, MYLK, DKFZp686I10125, MSTP083, MLCK108, smMLCK, MLCK210, Hs.75950",Q15746,MYLK
147,TTN,CAMK,MLCK,,7273.0,titin,TITIN_HUMAN,Cytoplasm. Nucleus..,"CMPD4, FLJ26409, HMERF, DKFZp451N061, FLJ43066, FLJ26020, CMH9, LGMD2J, FLJ34413, TMD, TTN, FLJ39564, CMD1G, connectin, FLJ32040",Q8WZ42,TTN
148,skMLCK,CAMK,MLCK,,85366.0,"myosin light chain kinase 2, skeletal muscle",MYLK2_HUMAN,Cytoplasm.,"MLCK, skMLCK, MYLK2, KMLC",Q9H1R3,MYLK2
149,caMLCK,CAMK,MLCK,,91807.0,MLCK protein,MYLK3_HUMAN,Cytoplasm..,"MGC126319, MLCK, caMLCK, MLCK2, MGC126320",Q32MK0,MYLK3
150,SgK085,CAMK,MLCK,,340156.0,hypothetical protein LOC340156,MYLK4_HUMAN,-,"SgK085, RP11-145H9.1, LOC340156",Q86YV6,MYLK4
151,PHKg1,CAMK,PHK,,5260.0,"phosphorylase kinase, gamma 1 (muscle)",PHKG1_HUMAN,-,"PHKG, PHKG1, PHKg1",Q16816,PHKG1
152,PHKg2,CAMK,PHK,,5261.0,"phosphorylase kinase, gamma 2 (testis)",PHKG2_HUMAN,-,"PHKg2, PHKG2",P15735,PHKG2
153,PIM1,CAMK,PIM,,5292.0,pim-1 oncogene,PIM1_HUMAN,Isoform 1: Cytoplasm. Nucleus.; Isoform 2: Cell membrane..,"PIM, PIM1",P11309,PIM1
154,PIM2,CAMK,PIM,,11040.0,pim-2 oncogene,PIM2_HUMAN,-,"hPim-2, Hs.80205, PIM2",Q9P1W9,PIM2
155,PIM3,CAMK,PIM,,415116.0,pim-3 oncogene,PIM3_HUMAN,Cytoplasm..,"pim-3, PIM3",Q86V86,PIM3
156,PKD1,CAMK,PKD,,5587.0,protein kinase D1,KPCD1_HUMAN,"Cytoplasm. Cell membrane. Golgi apparatus, trans-Golgi network.","PRKCM, PKC-MU, PKD1, PKD, PRKD1, PKCM",Q15139,PRKD1
157,PKD3,CAMK,PKD,,23683.0,protein kinase D3,KPCD3_HUMAN,Cytoplasm. Membrane.,"PRKCN, PKD3, nPKC-NU, PKC-NU, EPK2, PKCnu, PRKD3",O94806,PRKD3
158,PKD2,CAMK,PKD,,25865.0,protein kinase D2,KPCD2_HUMAN,"Cytoplasm. Cell membrane. Nucleus. Golgi apparatus, trans-Golgi network.","PKD2, PRKD2, HSPC187",Q9BZL6,PRKD2
159,PSKH1,CAMK,PSK,,5681.0,protein serine kinase H1,KPSH1_HUMAN,"Golgi apparatus. Cytoplasm, cytoskeleton, microtubule organizing center, centrosome. Nucleus speckle. Endoplasmic reticulum membrane; Lipid-anchor. Cell membrane; Lipid-anchor. Cytoplasm.",PSKH1,P11801,PSKH1
160,PSKH2,CAMK,PSK,,85481.0,protein serine kinase H2,KPSH2_HUMAN,-,PSKH2,Q96QS6,PSKH2
161,CHK2,CAMK,RAD53,,11200.0,CHK2 checkpoint homolog (S. pombe),CHK2_HUMAN,Isoform 2: Nucleus.,"PP1425, LFS2, CHK2, RAD53, HuCds1, CDS1, CHEK2",O96017,CHEK2
162,SgK495,CAMK,SgK495,,83931.0,serine/threonine kinase 40,STK40_HUMAN,Nucleus. Cytoplasm..,"SHIK, MGC4796, RP11-268J15.4, STK40, SgK495",Q8N2I9,STK40
163,Trb1,CAMK,Trbl,,10221.0,tribbles homolog 1 (Drosophila),TRIB1_HUMAN,-,"TRIB1, SKIP1, C8FW, Trb1, GIG2",Q96RU8,TRIB1
164,Trb2,CAMK,Trbl,,28951.0,tribbles homolog 2 (Drosophila),TRIB2_HUMAN,"Cytoplasm. Cytoplasm, cytoskeleton.","Hs.155418, TRB2, GS3955, TRIB2, Trb2",Q92519,TRIB2
165,Trb3,CAMK,Trbl,,57761.0,tribbles homolog 3 (Drosophila),TRIB3_HUMAN,Nucleus..,"C20orf97, NIPK, Trb3, SKIP3, SINK, TRIB3, LOC57761, TRB3",Q96RU7,TRIB3
166,Obscn,CAMK,Trio,,84033.0,"obscurin, cytoskeletal calmodulin and titin-interacting RhoGEF",OBSCN_HUMAN,"Isoform 3: Cytoplasm, myofibril, sarcomere, M line. Cytoplasm, myofibril, sarcomere, Z line.","Obscn, OBSCN, UNC89, MGC120410, KIAA1556, MGC120412, MGC138590, MGC120411, FLJ14124, KIAA1639, DKFZp666E245, MGC120409",Q5VST9,OBSCN
168,Trio,CAMK,Trio,,7204.0,triple functional domain (PTPRF interacting),TRIO_HUMAN,Cytoplasm..,"tgat, Trio, TRIO",O75962,TRIO
169,Trad,CAMK,Trio,,8997.0,"kalirin, RhoGEF kinase",KALRN_HUMAN,"Cytoplasm. Cytoplasm, cytoskeleton.","Trad, FLJ16443, TRAD, KALRN, duo, Hs.162189, DUET, HAPIP",O60229,KALRN
170,TSSK2,CAMK,TSSK,,23617.0,testis-specific serine kinase 2,TSSK2_HUMAN,"Cytoplasm. Cytoplasm, cytoskeleton, microtubule organizing center, centrosome, centriole.","STK22B, FLJ38613, DGS-G, TSSK2, SPOGA2",Q96PF2,TSSK2
171,TSSK3,CAMK,TSSK,,81629.0,testis-specific serine kinase 3,TSSK3_HUMAN,-,"STK22D, TSSK3, STK22C, SPOGA3",Q96PN8,TSSK3
172,TSSK1,CAMK,TSSK,,83942.0,testis-specific serine kinase 1B,TSSK1_HUMAN,"Cytoplasm. Cytoplasmic vesicle, secretory vesicle, acrosome. Cell projection, cilium, flagellum.","FKSG81, TSSK1B, STK22D, SPOGA4, TSSK1",Q9BXA7,TSSK1B
173,SSTK,CAMK,TSSK,,83983.0,testis-specific serine kinase 6,TSSK6_HUMAN,-,"TSSK6, SSTK, TSSK4, FLJ24002",Q9BXA6,TSSK6
174,TSSK4,CAMK,TSSK,,283629.0,testis-specific serine kinase 4,TSSK4_HUMAN,"Cytoplasmic vesicle, secretory vesicle, acrosome. Cell projection, cilium, flagellum.","TSSK4, MGC133264, C14orf20, TSSK5, STK22E, c14_5117",Q6SA08,TSSK4
175,CK1a,CK1,CK1,CK1-A,1452.0,"casein kinase 1, alpha 1",KC1A_HUMAN,"Cytoplasm. Cytoplasm, cytoskeleton, microtubule organizing center, centrosome. Chromosome, centromere, kinetochore. Nucleus speckle. Cytoplasm, cytoskeleton, cilium basal body.","CK1a, PRO2975, CSNK1A1, HLCDGP1, CK1, CKI-Alpha",P48729,CSNK1A1
176,CK1a2,CK1,CK1,CK1-A,122011.0,"casein kinase 1, alpha 1-like",KC1AL_HUMAN,Cytoplasm..,"CSNK1A1L, CK1a2, MGC33182, RP11-532O21.2",Q8N752,CSNK1A1L
177,CK1d,CK1,CK1,CK1-D,1453.0,"casein kinase 1, delta",KC1D_HUMAN,"Cytoplasm. Nucleus. Cytoplasm, cytoskeleton, microtubule organizing center, centrosome. Cytoplasm, perinuclear region. Cell membrane. Cytoplasm, cytoskeleton, spindle. Golgi apparatus.","CSNK1D, CK1-delta, HCKID, CK1d",P48730,CSNK1D
178,CK1e,CK1,CK1,CK1-D,1454.0,"casein kinase 1, epsilon",KC1E_HUMAN,Cytoplasm. Nucleus..,"MGC10398, CSNK1E, CK1e, HCKIE",P49674,CSNK1E
179,CK1g2,CK1,CK1,CK1-G,1455.0,"casein kinase 1, gamma 2",KC1G2_HUMAN,Cytoplasm..,"CSNK1G2, CK1g2",P78368,CSNK1G2
180,CK1g3,CK1,CK1,CK1-G,1456.0,"casein kinase 1, gamma 3",KC1G3_HUMAN,Cytoplasm..,"CK1g3, CKIG3, CSNK1G3",Q9Y6M4,CSNK1G3
181,CK1g1,CK1,CK1,CK1-G,53944.0,"casein kinase 1, gamma 1",KC1G1_HUMAN,Cytoplasm..,"CK1g1, CSNK1G1, CK1gamma1",Q9HCP0,CSNK1G1
182,TTBK1,CK1,TTBK,,84630.0,tau tubulin kinase 1,TTBK1_HUMAN,Cytoplasm..,"BDTK, TTBK1, RP3-330M21.4, KIAA1855",Q5TCY1,TTBK1
183,TTBK2,CK1,TTBK,,146057.0,tau tubulin kinase 2,TTBK2_HUMAN,"Cell projection, cilium. Cytoplasm, cytoskeleton, cilium basal body. Cytoplasm, cytoskeleton, microtubule organizing center, centrosome, centriole. Cytoplasm, cytosol. Nucleus.","TTBK2, KIAA0847, TTBK",Q6IQ55,TTBK2
184,VRK1,CK1,VRK,,7443.0,vaccinia related kinase 1,VRK1_HUMAN,"Cytoplasm. Nucleus. Cytoplasm, cytoskeleton, spindle.","MGC117401, MGC138280, MGC142070, VRK1",Q99986,VRK1
185,VRK2,CK1,VRK,,7444.0,vaccinia related kinase 2,VRK2_HUMAN,Isoform 1: Cytoplasm. Endoplasmic reticulum membrane. Mitochondrion membrane.; Isoform 2: Cytoplasm. Nucleus..,VRK2,Q86Y07,VRK2
186,VRK3,CK1,VRK,,51231.0,vaccinia related kinase 3,VRK3_HUMAN,Nucleus..,"LOC51231, VRK3",Q8IV63,VRK3
187,CCRK,CMGC,CDK,CCRK,23552.0,cell cycle related kinase,CDK20_HUMAN,"Nucleus. Cytoplasm. Cell projection, cilium..","CDCH, CCRK, p42",Q8IZL9,CDK20
188,CDC2,CMGC,CDK,CDC2,983.0,"cell division cycle 2, G1 to S and G2 to M",CDK1_HUMAN,"Nucleus. Cytoplasm. Mitochondrion. Cytoplasm, cytoskeleton, microtubule organizing center, centrosome. Cytoplasm, cytoskeleton, spindle.","DKFZp686L20222, CDC28A, MGC111195, CDK1, p34cdc2, CDC2",P06493,CDK1
189,CDK2,CMGC,CDK,CDC2,1017.0,cyclin-dependent kinase 2,CDK2_HUMAN,"Cytoplasm, cytoskeleton, microtubule organizing center, centrosome. Nucleus, Cajal body. Cytoplasm. Endosome.","p33(CDK2, p33(CDK2), CDK2, p33CDK2, p34CDK2",P24941,CDK2
190,CDK3,CMGC,CDK,CDC2,1018.0,cyclin-dependent kinase 3,CDK3_HUMAN,-,CDK3,Q00526,CDK3
191,CDK10,CMGC,CDK,CDK10,8558.0,cyclin-dependent kinase (CDC2-like) 10,CDK10_HUMAN,"Cytoplasm, cytoskeleton, cilium basal body..","CDK10, PISSLRE",Q15131,CDK10
192,CDK4,CMGC,CDK,CDK4,1019.0,cyclin-dependent kinase 4,CDK4_HUMAN,Cytoplasm. Nucleus. Membrane.,"PSK-J3, CDK4, CMM3, MGC14458",P11802,CDK4
193,CDK6,CMGC,CDK,CDK4,1021.0,cyclin-dependent kinase 6,CDK6_HUMAN,"Cytoplasm. Nucleus. Cell projection, ruffle. Cytoplasm, cytoskeleton, microtubule organizing center, centrosome.","MGC59692, PLSTIRE, CDK6",Q00534,CDK6
194,CDK5,CMGC,CDK,CDK5,1020.0,cyclin-dependent kinase 5,CDK5_HUMAN,"Isoform 1: Cytoplasm. Cell membrane; Peripheral membrane protein. Perikaryon. Cell projection, lamellipodium. Cell projection, growth cone. Cell junction, synapse, postsynaptic cell membrane, postsynaptic density.","PSSALRE, NCLK, CDK5",Q00535,CDK5
195,CDK7,CMGC,CDK,CDK7,1022.0,"cyclin-dependent kinase 7 (MO15 homolog, Xenopus laevis, cdk-activating kinase)",CDK7_HUMAN,"Nucleus. Cytoplasm. Cytoplasm, perinuclear region.","CDKN7, CDK7, CAK1, STK1, TFIIH, p39MO15",P50613,CDK7
196,CDK8,CMGC,CDK,CDK8,1024.0,cyclin-dependent kinase 8,CDK8_HUMAN,Nucleus..,"CDK8, K35, MGC126074, MGC126075",P49336,CDK8
197,CDK11,CMGC,CDK,CDK8,23097.0,cell division cycle 2-like 6 (CDK8-like),CDK19_HUMAN,-,CDK11,Q9BWU1,CDK19
198,CDK9,CMGC,CDK,CDK9,1025.0,cyclin-dependent kinase 9 (CDC2-related kinase),CDK9_HUMAN,"Nucleus. Cytoplasm. Nucleus, PML body.","CDC2L4, CDK9, PITALRE, C-2k, TAK",P50750,CDK9
199,CHED,CMGC,CDK,CRK7,8621.0,cell division cycle 2-like 5 (cholinesterase-related cell division controller),CDK13_HUMAN,Nucleus speckle..,"CDC2L5, CHED, CDC2L, KIAA1791, FLJ35215",Q14004,CDK13
200,CRK7,CMGC,CDK,CRK7,51755.0,"Cdc2-related kinase, arginine/serine-rich",CDK12_HUMAN,Nucleus. Nucleus speckle.,"CRKR, CrkRS, CRK7, CRKRS, KIAA0904",Q9NYV4,CDK12
201,PCTAIRE1,CMGC,CDK,PCTAIRE,5127.0,PCTAIRE protein kinase 1,CDK16_HUMAN,"Cytoplasm. Cytoplasmic vesicle, secretory vesicle. Cell membrane; Peripheral membrane protein; Cytoplasmic side. Cell junction, synapse, synaptosome.","PCTK1, PCTGAIRE, FLJ16665, PCTAIRE, PCTAIRE1",Q00536,CDK16
202,PCTAIRE2,CMGC,CDK,PCTAIRE,5128.0,PCTAIRE protein kinase 2,CDK17_HUMAN,-,"PCTK2, PCTAIRE2",Q00537,CDK17
203,PCTAIRE3,CMGC,CDK,PCTAIRE,5129.0,PCTAIRE protein kinase 3,CDK18_HUMAN,-,"PCTK3, PCTAIRE, PCTAIRE3",Q07002,CDK18
204,PFTAIRE1,CMGC,CDK,PFTAIRE,5218.0,PFTAIRE protein kinase 1,CDK14_HUMAN,Cell membrane; Peripheral membrane protein. Cytoplasm. Nucleus.,"PFTAIRE1, KIAA0834, PFTK1",O94921,CDK14
205,PFTAIRE2,CMGC,CDK,PFTAIRE,65061.0,"amyotrophic lateral sclerosis 2 (juvenile) chromosome region, candidate 7",CDK15_HUMAN,-,"ALS2CR7, PFTAIRE2",Q96Q40,CDK15
207,CDKL5,CMGC,CDKL,,6792.0,cyclin-dependent kinase-like 5,CDKL5_HUMAN,"Nucleus. Cytoplasm, cytoskeleton, cilium basal body. Cytoplasm, cytoskeleton, microtubule organizing center, centrosome..","CDKL5, STK9, ISSX",O76039,CDKL5
208,CDKL1,CMGC,CDKL,,8814.0,cyclin-dependent kinase-like 1 (CDC2-related kinase),CDKL1_HUMAN,Cytoplasm. Nucleus..,"KKIALRE, CDKL1, p42",Q00532,CDKL1
209,CDKL2,CMGC,CDKL,,8999.0,cyclin-dependent kinase-like 2 (CDC2-related kinase),CDKL2_HUMAN,Cytoplasm. Nucleus..,"KKIAMRE, P56, CDKL2",Q92772,CDKL2
210,CDKL3,CMGC,CDKL,,51265.0,cyclin-dependent kinase-like 3,CDKL3_HUMAN,Cytoplasm..,"NKIAMRE, LOC51265, CDKL3",Q8IVW4,CDKL3
211,CDKL4,CMGC,CDKL,,344387.0,cyclin-dependent kinase-like 4,CDKL4_HUMAN,Cytoplasm..,CDKL4,Q5MAI5,CDKL4
212,CK2a1,CMGC,CK2,,1457.0,"casein kinase 2, alpha 1 polypeptide",CSK21_HUMAN,Nucleus..,"CKII, CKII alpha, CK2a1, CK2alpha, CK2A1, CSNK2A1",P68400,CSNK2A1
213,CK2a2,CMGC,CK2,,1459.0,"casein kinase 2, alpha prime polypeptide",CSK22_HUMAN,-,"CK2a2, CK2A2, FLJ43934, CK2alpha`, CSNK2A2, CSNK2A1",P19784,CSNK2A2
214,CLK1,CMGC,CLK,,1195.0,CDC-like kinase 1,CLK1_HUMAN,Nucleus..,"CLK/STY, CLK1, STY, CLK",P49759,CLK1
215,CLK2,CMGC,CLK,,1196.0,CDC-like kinase 2,CLK2_HUMAN,Isoform 1: Nucleus. Nucleus speckle.,"MGC61500, CLK2, hCLK2, clk2",P49760,CLK2
216,CLK3,CMGC,CLK,,1198.0,CDC-like kinase 3,CLK3_HUMAN,"Isoform 1: Nucleus. Cytoplasm. Cytoplasmic vesicle, secretory vesicle, acrosome.; Isoform 2: Nucleus speckle.","CLK3, FLJ22858",P49761,CLK3
217,CLK4,CMGC,CLK,,57396.0,CDC-like kinase 4,CLK4_HUMAN,Nucleus..,"DKFZp686A20267, CLK4",Q9HAZ1,CLK4
218,DYRK1A,CMGC,DYRK,DYRK1,1859.0,dual-specificity tyrosine-(Y)-phosphorylation regulated kinase 1A,DYR1A_HUMAN,Nucleus. Nucleus speckle..,"MNBH, DYRK, DYRK1, HP86, DYRK1A, MNB",Q13627,DYRK1A
219,DYRK1B,CMGC,DYRK,DYRK1,9149.0,dual-specificity tyrosine-(Y)-phosphorylation regulated kinase 1B,DYR1B_HUMAN,Nucleus..,"DYRK1B, MIRK",Q9Y463,DYRK1B
220,DYRK3,CMGC,DYRK,DYRK2,8444.0,dual-specificity tyrosine-(Y)-phosphorylation regulated kinase 3,DYRK3_HUMAN,"Nucleus. Cytoplasm. Nucleus speckle. Cytoplasmic granule. Cytoplasm, cytoskeleton, microtubule organizing center, centrosome.","REDK, DYRK3, DYRK5, RED",O43781,DYRK3
221,DYRK2,CMGC,DYRK,DYRK2,8445.0,dual-specificity tyrosine-(Y)-phosphorylation regulated kinase 2,DYRK2_HUMAN,Cytoplasm. Nucleus.,DYRK2,Q92630,DYRK2
222,DYRK4,CMGC,DYRK,DYRK2,8798.0,dual-specificity tyrosine-(Y)-phosphorylation regulated kinase 4,DYRK4_HUMAN,Isoform 1: Cytoplasm.; Isoform 4: Cytoplasm. Nucleus..,DYRK4,Q9NR20,DYRK4
223,HIPK3,CMGC,DYRK,HIPK,10114.0,homeodomain interacting protein kinase 3,HIPK3_HUMAN,Cytoplasm. Nucleus..,"HIPK3, FIST3, YAK1, PKY, DYRK6",Q9H422,HIPK3
224,HIPK2,CMGC,DYRK,HIPK,28996.0,homeodomain interacting protein kinase 2,HIPK2_HUMAN,"Nucleus, PML body. Cytoplasm.","HIPK2, PRO0593",Q9H2X6,HIPK2
225,HIPK4,CMGC,DYRK,HIPK,147746.0,homeodomain interacting protein kinase 4,HIPK4_HUMAN,Cytoplasm..,"FLJ32818, HIPK4",Q8NE63,HIPK4
226,HIPK1,CMGC,DYRK,HIPK,204851.0,homeodomain interacting protein kinase 1,HIPK1_HUMAN,Nucleus. Cytoplasm.,"MGC33548, MGC33446, KIAA0630, MGC26642, HIPK1, Nbak2, Myak",Q86Z02,HIPK1
227,PRP4,CMGC,DYRK,PRP4,8899.0,PRP4 pre-mRNA processing factor 4 homolog B (yeast),PRP4B_HUMAN,Nucleus..,"dJ1013A10.1, PRPF4B, PRP4K, PRP4H, PRP4, KIAA0536, PR4H",Q13523,PRPF4B
228,GSK3A,CMGC,GSK,,2931.0,glycogen synthase kinase 3 alpha,GSK3A_HUMAN,-,"DKFZp686D0638, Hs.118890, GSK3A",P49840,GSK3A
229,GSK3B,CMGC,GSK,,2932.0,glycogen synthase kinase 3 beta,GSK3B_HUMAN,Cytoplasm. Nucleus. Cell membrane.,GSK3B,P49841,GSK3B
230,Erk2,CMGC,MAPK,ERK1,5594.0,mitogen-activated protein kinase 1,MK01_HUMAN,"Cytoplasm, cytoskeleton, spindle. Nucleus. Cytoplasm, cytoskeleton, microtubule organizing center, centrosome. Cytoplasm. Membrane, caveola.","Erk2, P41MAPK, PRKM2, PRKM1, ERK2, MAPK2, p38, MAPK1, ERK, P42MAPK, p41mapk, ERT1, p41, p40",P28482,MAPK1
231,Erk1,CMGC,MAPK,ERK1,5595.0,mitogen-activated protein kinase 3,MK03_HUMAN,"Cytoplasm. Nucleus. Membrane, caveola.","Erk1, P44MAPK, HUMKER1A, ERK1, PRKM3, P44ERK1, MAPK3, MGC20180, HS44KDAP, p44, ERK-1",P27361,MAPK3
232,Erk4,CMGC,MAPK,ERK3,5596.0,mitogen-activated protein kinase 4,MK04_HUMAN,Cytoplasm. Nucleus.,"ERK3, Erk4, ERK3-RELATED, PRKM4, MAPK4, p63mapk, p63MAPK",P31152,MAPK4
233,Erk3,CMGC,MAPK,ERK3,5597.0,mitogen-activated protein kinase 6,MK06_HUMAN,Cytoplasm. Nucleus.,"DKFZp686F03189, Erk3, p97MAPK, HsT17250, PRKM6, ERK3, MAPK6, P97MAPK",Q16659,MAPK6
234,Erk5,CMGC,MAPK,ERK5,5598.0,mitogen-activated protein kinase 7,MK07_HUMAN,"Cytoplasm. Nucleus. Nucleus, PML body.","ERK4, Erk5, BMK1, PRKM7, MAPK7, ERK5",Q13164,MAPK7
235,Erk7,CMGC,MAPK,ERK7,225689.0,mitogen-activated protein kinase 15,MK15_HUMAN,"Cytoplasm, cytoskeleton, cilium basal body. Cell junction, tight junction. Cytoplasm, cytoskeleton, microtubule organizing center, centrosome, centriole. Cytoplasmic vesicle, autophagosome. Golgi apparatus. Nucleus. Cytoplasm. Cytoplasm, cytoskeleton, spindle.","ERK8, MAPK15, ERK7, Erk7",Q8TD08,MAPK15
236,JNK1,CMGC,MAPK,JNK,5599.0,mitogen-activated protein kinase 8,MK08_HUMAN,Cytoplasm. Nucleus.,"PRKM8, JNK1, SAPK, JNK21B1_2, JNK21B1/2, JNK1A2, JNK, MAPK8, SAPK1",P45983,MAPK8
237,JNK2,CMGC,MAPK,JNK,5601.0,mitogen-activated protein kinase 9,MK09_HUMAN,Cytoplasm. Nucleus.,"JNK2BETA, PRKM9, p54aSAPK, JNK2, JNK2ALPHA, JNK2A, JNK2B, JNK-55, MAPK9",P45984,MAPK9
238,JNK3,CMGC,MAPK,JNK,5602.0,mitogen-activated protein kinase 10,MK10_HUMAN,Cytoplasm. Membrane. Nucleus. Mitochondrion.,"SAPKbeta, JNK3A, p54bSAPK, JNK3, JNK3A2, FLJ33785, MGC50974, p493F12, P493F12, FLJ12099, MAPK10, P54BSAPK, PRKM10",P53779,MAPK10
239,NLK,CMGC,MAPK,nmo,51701.0,nemo-like kinase,NLK_HUMAN,Nucleus. Cytoplasm.,"DKFZp761G1211, NLK, LOC51701, FLJ21033",Q9UBE8,NLK
240,p38a,CMGC,MAPK,p38,1432.0,mitogen-activated protein kinase 14,MK14_HUMAN,Cytoplasm. Nucleus..,"MAPK14, Exip, SAPK2a, CSBP1, Mxi2, CSBP2, P38, p38a, p38, PRKM14, EXIP, SAPK2A, RK, p38alpha, CSPB1, MXI2, PRKM15, p38ALPHA",Q16539,MAPK14
241,p38b,CMGC,MAPK,p38,5600.0,mitogen-activated protein kinase 11,MK11_HUMAN,Cytoplasm. Nucleus..,"p38Beta, P38B, p38-2, P38-2, p38-BETA, P38BETA2, MAPK11, p38b, P38BETA, PRKM11, SAPK2, SAPK2B",Q15759,MAPK11
242,p38d,CMGC,MAPK,p38,5603.0,mitogen-activated protein kinase 13,MK13_HUMAN,-,"PRKM13, p38d, P38DELTA, MGC99536, MAPK13, SAPK4, p38delta",O15264,MAPK13
243,p38g,CMGC,MAPK,p38,6300.0,mitogen-activated protein kinase 12,MK12_HUMAN,Cytoplasm. Nucleus. Mitochondrion.,"P38GAMMA, ERK3, ERK6, p38g, MAPK12, PRKM12, SAPK-3, p38_gamma, SAPK3",P53778,MAPK12
244,MAK,CMGC,RCK,,4117.0,male germ cell-associated kinase,MAK_HUMAN,"Nucleus. Cytoplasm, cytoskeleton, microtubule organizing center, centrosome. Cytoplasm, cytoskeleton, spindle. Midbody. Cell projection, cilium, photoreceptor outer segment. Photoreceptor inner segment.","MAK, dJ417M14.2",P20794,MAK
245,MOK,CMGC,RCK,,5891.0,renal tumor antigen,MOK_HUMAN,"Cytoplasm. Cell projection, cilium. Nucleus..","MOK, RAGE1, RAGE",Q9UQ07,MOK
246,ICK,CMGC,RCK,,22858.0,intestinal cell (MAK-like) kinase,ICK_HUMAN,"Nucleus. Cytoplasm, cytosol. Cell projection, cilium. Cytoplasm, cytoskeleton, cilium basal body.","ICK, KIAA0936, MGC43611, MGC131603, ROCK1, P160ROCK",Q9UPZ9,ICK
247,SRPK1,CMGC,SRPK,,6732.0,SFRS protein kinase 1,SRPK1_HUMAN,Isoform 2: Cytoplasm. Nucleus. Nucleus matrix. Microsome.,"SFRSK1, SRPK1",Q96SB4,SRPK1
248,SRPK2,CMGC,SRPK,,6733.0,SFRS protein kinase 2,SRPK2_HUMAN,Cytoplasm. Nucleus.,"SFRSK2, FLJ36101, SRPK2",P78362,SRPK2
249,MSSK1,CMGC,SRPK,,26576.0,SFRS protein kinase 3,SRPK3_HUMAN,-,"MGC102944, STK23, SRPK3, MSSK1",Q9UPE1,SRPK3
250,AurA,Other,Aur,,6790.0,aurora kinase A,AURKA_HUMAN,"Cytoplasm, cytoskeleton, microtubule organizing center, centrosome. Cytoplasm, cytoskeleton, spindle pole. Cytoplasm, cytoskeleton, cilium basal body. Cytoplasm, cytoskeleton, microtubule organizing center, centrosome, centriole.","MGC34538, BTAK, STK7, STK15, AURORA2, AURA, AIK, AurA, STK6, ARK1, AURKA",O14965,AURKA
251,AurC,Other,Aur,,6795.0,aurora kinase C,AURKC_HUMAN,"Nucleus. Chromosome. Chromosome, centromere. Cytoplasm, cytoskeleton, spindle.","AIE2, AIK3, STK13, AurC, aurora-C, AURKC",Q9UQB9,AURKC
252,AurB,Other,Aur,,9212.0,aurora kinase B,AURKB_HUMAN,"Nucleus. Chromosome. Chromosome, centromere. Cytoplasm, cytoskeleton, spindle. Midbody.","AURKB, AIRK2(AIM1, AIM-1, AIK2, AIM1, STK12, IPL1, STK5, AurB, ARK2",Q96GD4,AURKB
253,BUB1,Other,BUB,,699.0,BUB1 budding uninhibited by benzimidazoles 1 homolog (yeast),BUB1_HUMAN,"Nucleus. Chromosome, centromere, kinetochore.","BUB1A, BUB1, hBUB1, BUB1L",O43683,BUB1
254,BUBR1,Other,BUB,,701.0,BUB1 budding uninhibited by benzimidazoles 1 homolog beta (yeast),BUB1B_HUMAN,"Cytoplasm. Nucleus. Chromosome, centromere, kinetochore. Cytoplasm, cytoskeleton, microtubule organizing center, centrosome.","Bub1A, BUB1B, SSK1, hBUBR1, MAD3L, BUBR1, BUB1beta",O60566,BUB1B
255,PRPK,Other,Bud32,,112858.0,TP53 regulating kinase,PRPK_HUMAN,Cytoplasm. Nucleus..,"BUD32, PRPK, Nori-2, C20orf64, 2, dJ101A2, TP53RK, Nori-2p",Q96S44,TP53RK
256,CaMKK2,Other,CAMKK,Meta,10645.0,"calcium/calmodulin-dependent protein kinase kinase 2, beta",KKCC2_HUMAN,Nucleus. Cytoplasm. Cell projection.,"CAMKKB, MGC15254, CAMKK2, Hs.197806, CAMKK, CaMKK2, KIAA0787",Q96RR4,CAMKK2
257,CaMKK1,Other,CAMKK,Meta,84254.0,"calcium/calmodulin-dependent protein kinase kinase 1, alpha",KKCC1_HUMAN,Cytoplasm. Nucleus..,"MGC34095, CaMKK1, DKFZp761M0423, CAMKK1, CAMKKA",Q8N5S9,CAMKK1
258,CDC7,Other,CDC7,,8317.0,cell division cycle 7 homolog (S. cerevisiae),CDC7_HUMAN,Nucleus..,"huCDC7, CDC7L1, MGC126238, MGC126237, Hsk1, MGC117361, HsCDC7, CDC7",O00311,CDC7
259,Haspin,Other,Haspin,,83903.0,germ cell associated 2 (haspin),HASP_HUMAN,"Nucleus. Chromosome. Cytoplasm, cytoskeleton, spindle.","GSG2, Haspin",Q8TF76,HASPIN
260,IKKa,Other,IKK,,1147.0,conserved helix-loop-helix ubiquitous kinase,IKKA_HUMAN,Cytoplasm. Nucleus.,"TCF16, IKK1, Hs.159147, IKK-ALPHA, CHUK, IKBKA, IKK-alpha, NFKBIKA, IKKA, IKKa",O15111,CHUK
261,IKKb,Other,IKK,,3551.0,"inhibitor of kappa light polypeptide gene enhancer in B-cells, kinase beta",IKKB_HUMAN,Cytoplasm. Nucleus. Membrane raft.,"IKBKB, MGC131801, IKK2, FLJ40509, IKK-beta, Hs.226573, NFKBIKB, Hs.166208, IKKB, IKKb",O14920,IKBKB
262,IKKe,Other,IKK,,9641.0,"inhibitor of kappa light polypeptide gene enhancer in B-cells, kinase epsilon",IKKE_HUMAN,"Cytoplasm. Nucleus. Nucleus, PML body.","IKKE, MGC125295, MGC125294, MGC125297, IKKe, KIAA0151, IKBKE, IKK-i, IKKI",Q14164,IKBKE
263,TBK1,Other,IKK,,29110.0,TANK-binding kinase 1,TBK1_HUMAN,Cytoplasm.,"NAK, T2K, FLJ11330, TBK1",Q9UHD2,TBK1
264,IRE1,Other,IRE,,2081.0,endoplasmic reticulum to nucleus signalling 1,ERN1_HUMAN,Endoplasmic reticulum membrane..,"IRE1, MGC163279, IRE1P, MGC163277, FLJ30999, ERN1",O75460,ERN1
265,IRE2,Other,IRE,,10595.0,endoplasmic reticulum to nucleus signalling 2,ERN2_HUMAN,Endoplasmic reticulum membrane..,"IRE2, ERN2, IRE1b",Q76MJ5,ERN2
266,KIS,Other,KIS,,127933.0,U2AF homology motif (UHM) kinase 1,UHMK1_HUMAN,Nucleus..,"KIS, Kist, UHMK1",Q8TAS1,UHMK1
267,MOS,Other,MOS,,4342.0,v-mos Moloney murine sarcoma viral oncogene homolog,MOS_HUMAN,-,"MOS, MSV, c-mos, MGC119963, MGC119962",P00540,MOS
268,AAK1,Other,NAK,BIKE,22848.0,AP2 associated kinase 1,AAK1_HUMAN,"Cell membrane. Membrane, clathrin-coated pit.","KIAA1048, AAK1, MGC138170",Q2M2I8,AAK1
269,BIKE,Other,NAK,BIKE,55589.0,BMP2 inducible kinase,BMP2K_HUMAN,Nucleus..,"DKFZp434K0614, BIKE, HRIHFB2017, BMP2K, DKFZp434P0116",Q9NSY1,BMP2K
270,GAK,Other,NAK,GAK,2580.0,cyclin G associated kinase,GAK_HUMAN,"Cytoplasm, perinuclear region. Golgi apparatus, trans-Golgi network. Cell junction, focal adhesion.","FLJ40395, MGC99654, GAK",O14976,GAK
271,MPSK1,Other,NAK,MPSK,8576.0,serine/threonine kinase 16,STK16_HUMAN,"Cytoplasm, perinuclear region. Membrane.","PKL12, STK16, MPSK, MPSK1, TSF1, FLJ39635, KRCT",O75716,STK16
272,NEK1,Other,NEK,NEK1,4750.0,NIMA (never in mitosis gene a)-related kinase 1,NEK1_HUMAN,"Nucleus. Cytoplasm, cytoskeleton, microtubule organizing center, centrosome. Cytoplasm.","NEK1, DKFZp686D06121, DKFZp686K12169, MGC138800, NY-REN-55, KIAA1901",Q96PY6,NEK1
273,NEK3,Other,NEK,NEK1,4752.0,NIMA (never in mitosis gene a)-related kinase 3,NEK3_HUMAN,"Cytoplasm. Cell projection, axon..","HSPK36, MGC29949, NEK3",P51956,NEK3
274,NEK5,Other,NEK,NEK1,341676.0,NIMA (never in mitosis gene a)-related kinase 5,NEK5_HUMAN,-,"NEK5, MGC75495",Q6P3R8,NEK5
275,NEK10,Other,NEK,NEK10,152110.0,NIMA (never in mitosis gene a)- related kinase 10,NEK10_HUMAN,-,"FLJ32685, NEK10",Q6ZWH5,NEK10
276,NEK11,Other,NEK,NEK11,79858.0,NIMA (never in mitosis gene a)- related kinase 11,NEK11_HUMAN,"Nucleus. Nucleus, nucleolus.","NEK11, FLJ23495",Q8NG66,NEK11
277,NEK2,Other,NEK,NEK2,4751.0,NIMA (never in mitosis gene a)-related kinase 2,NEK2_HUMAN,"Isoform 1: Nucleus. Nucleus, nucleolus. Cytoplasm. Cytoplasm, cytoskeleton, microtubule organizing center, centrosome. Cytoplasm, cytoskeleton, spindle pole. Chromosome, centromere, kinetochore. Chromosome, centromere.","NEK2, HsPK 21, HsPK_21, HsPK21, NEK2A, NLK1",P51955,NEK2
278,NEK4,Other,NEK,NEK4,6787.0,NIMA (never in mitosis gene a)-related kinase 4,NEK4_HUMAN,"Cell projection, cilium. Cytoplasm..","NEK4, pp12301, STK2, MGC33171, NRK2",P51957,NEK4
279,NEK6,Other,NEK,NEK6,10783.0,NIMA (never in mitosis gene a)-related kinase 6,NEK6_HUMAN,"Cytoplasm. Nucleus. Nucleus speckle. Cytoplasm, cytoskeleton, microtubule organizing center, centrosome. Cytoplasm, cytoskeleton, spindle pole.","NEK6, SID6-1512",Q9HC98,NEK6
280,NEK7,Other,NEK,NEK6,140609.0,NIMA (never in mitosis gene a)-related kinase 7,NEK7_HUMAN,"Nucleus. Cytoplasm. Cytoplasm, cytoskeleton, spindle pole. Cytoplasm, cytoskeleton, microtubule organizing center, centrosome.",NEK7,Q8TDX7,NEK7
281,NEK9,Other,NEK,NEK8,91754.0,NIMA (never in mitosis gene a)- related kinase 9,NEK9_HUMAN,Cytoplasm. Nucleus..,"MGC138306, NERCC, DKFZp434D0935, Nek8, NEK9, NERCC1, MGC16714",Q8TD19,NEK9
282,NEK8,Other,NEK,NEK8,284086.0,NIMA (never in mitosis gene a)- related kinase 8,NEK8_HUMAN,"Cytoplasm. Cytoplasm, cytoskeleton. Cell projection, cilium.","MGC138445, NEK12A, NEK8, JCK",Q86SG6,NEK8
283,SBK,Other,NKF1,,388228.0,SH3-binding domain kinase 1,SBK1_HUMAN,Cytoplasm..,"SBK, SBK1, Sbk",Q52WX2,SBK1
284,SgK069,Other,NKF1,,646643.0,similar to protein kinase Bsk146,SBK2_HUMAN,-,"SgK069, LOC646643",P0C263,SBK2
286,PINK1,Other,NKF2,,65018.0,PTEN induced putative kinase 1,PINK1_HUMAN,"Mitochondrion outer membrane. Mitochondrion inner membrane. Cytoplasm, cytosol.","PINK1, PARK6, BRPK, FLJ27236",Q9BXM7,PINK1
287,SgK269,Other,NKF3,,79834.0,KIAA2002 protein,PEAK1_HUMAN,"Cytoplasm, cytoskeleton. Cell junction, focal adhesion.","SgK269, FLJ21140, FLJ34483, KIAA2002",Q9H792,PEAK1
288,SgK223,Other,NKF3,,157285.0,homolog of rat pragma of Rnd2,PRAG1_HUMAN,"Cytoplasm. Cell junction, focal adhesion. Nucleus.","pragmin, DKFZp761P0423, SgK223",Q86YV5,PRAG1
289,CLIK1,Other,NKF4,,140901.0,serine/threonine kinase 35,STK35_HUMAN,"Nucleus. Nucleus, nucleolus. Cytoplasm.","STK35, CLIK1",Q8TDR2,STK35
290,CLIK1L,Other,NKF4,,149420.0,PDLIM1 interacting kinase 1 like,PDK1L_HUMAN,Nucleus..,"RP11-96L14.4, CLIK1L, PDIK1L",Q8N165,PDIK1L
291,SgK307,Other,NKF5,,56155.0,testis expressed sequence 14,TEX14_HUMAN,"Cytoplasm. Midbody. Chromosome, centromere, kinetochore.","SgK307, TEX14",Q8IWB6,TEX14
293,NRBP1,Other,NRBP,,29959.0,nuclear receptor binding protein 1,NRBP_HUMAN,"Cytoplasm, cell cortex. Endomembrane system. Cell projection, lamellipodium.","MUDPNP, FLJ35541, NRBP, MADM, FLJ27109, BCON3, NRBP1",Q9UHY1,NRBP1
294,NRBP2,Other,NRBP,,340371.0,nuclear receptor binding protein 2,NRBP2_HUMAN,Cytoplasm..,"pp9320, TRG16, MGC138699, DKFZp434P086, NRBP2",Q9NSY0,NRBP2
295,RNAseL,Other,Other-Unique,,6041.0,"ribonuclease L (2',5'-oligoisoadenylate synthetase-dependent)",RN5A_HUMAN,Cytoplasm. Mitochondrion..,"RNS4, MGC104972, DKFZp781D08126, RNASEL, MGC133329, RNAseL, PRCA1",Q05823,RNASEL
296,SgK396,Other,Other-Unique,,56164.0,serine/threonine kinase 31,STK31_HUMAN,-,"STK31, TDRD8, SgK396, FLJ16102",Q9BXU1,STK31
297,SgK196,Other,Other-Unique,,84197.0,hypothetical protein FLJ23356,SG196_HUMAN,Endoplasmic reticulum membrane..,"MGC126597, SgK196, FLJ23356",Q9H5K3,POMK
298,GCN2,Other,PEK,GCN2,440275.0,eukaryotic translation initiation factor 2 alpha kinase 4,E2AK4_HUMAN,Cytoplasm..,"GCN2, KIAA1338, EIF2AK4",Q9P2K8,EIF2AK4
299,HRI,Other,PEK,HRI,27102.0,eukaryotic translation initiation factor 2-alpha kinase 1,E2AK1_HUMAN,Cytoplasm..,"EIF2AK1, HRI, KIAA1369",Q9BQI3,EIF2AK1
300,PEK,Other,PEK,PEK,9451.0,eukaryotic translation initiation factor 2-alpha kinase 3,E2AK3_HUMAN,Endoplasmic reticulum membrane; Single-pass type I membrane protein..,"PERK, EIF2AK3, DKFZp781H1925, WRS, PEK",Q9NZJ5,EIF2AK3
301,PKR,Other,PEK,PKR,5610.0,eukaryotic translation initiation factor 2-alpha kinase 2,E2AK2_HUMAN,"Cytoplasm. Nucleus. Cytoplasm, perinuclear region.","PKR, EIF2AK1, p68, EIF2AK2, PRKR, MGC126524",P19525,EIF2AK2
302,PLK1,Other,PLK,PLK1,5347.0,polo-like kinase 1 (Drosophila),PLK1_HUMAN,"Nucleus. Chromosome, centromere, kinetochore. Cytoplasm, cytoskeleton, microtubule organizing center, centrosome. Cytoplasm, cytoskeleton, spindle. Midbody.","PLK1, STPK13, PLK",P53350,PLK1
303,PLK3,Other,PLK,PLK2,1263.0,polo-like kinase 3 (Drosophila),PLK3_HUMAN,"Cytoplasm. Nucleus. Nucleus, nucleolus. Golgi apparatus. Cytoplasm, cytoskeleton, microtubule organizing center, centrosome.","PLK3, FNK, CNK, PRK",Q9H4B4,PLK3
304,PLK2,Other,PLK,PLK2,10769.0,polo-like kinase 2 (Drosophila),PLK2_HUMAN,"Cytoplasm, cytoskeleton, microtubule organizing center, centrosome, centriole. Cell projection, dendrite.","PLK2, SNK",Q9NYY3,PLK2
305,PLK4,Other,PLK,SAK,10733.0,polo-like kinase 4 (Drosophila),PLK4_HUMAN,"Cytoplasm, cytoskeleton, microtubule organizing center, centrosome, centriole. Nucleus, nucleolus. Cleavage furrow.","SAK, STK18, PLK4",O00444,PLK4
306,SCYL2,Other,SCY1,,55681.0,SCY1-like 2 (S. cerevisiae),SCYL2_HUMAN,"Cytoplasm, perinuclear region. Cytoplasmic vesicle, clathrin-coated vesicle. Golgi apparatus, trans-Golgi network membrane. Endosome membrane.","FLJ10074, KIAA1360, SCYL2, CVAK104",Q6P3W7,SCYL2
307,SCYL3,Other,SCY1,,57147.0,SCY1-like 3 (S. cerevisiae),PACE1_HUMAN,"Cytoplasm. Golgi apparatus. Cell projection, lamellipodium.","LOC57147, PACE-1, PACE1, SCYL3, RP1-97P20.2",Q8IZE3,SCYL3
308,SCYL1,Other,SCY1,,57410.0,SCY1-like 1 (S. cerevisiae),SCYL1_HUMAN,"Cytoplasm, cytoskeleton, microtubule organizing center, centrosome. Endoplasmic reticulum-Golgi intermediate compartment. Golgi apparatus, cis-Golgi network.","NTKL, TEIF, P105, NKTL, SCYL1, MGC78454, GKLP, TAPK, HT019, TRAP",Q96KG9,SCYL1
309,SgK071,Other,SgK071,,169436.0,chromosome 9 open reading frame 96,STKL1_HUMAN,-,"RP11-244N20.8, C9orf96, SgK071, MGC43306",Q8NE28,STKLD1
310,SgK493,Other,SgK493,,91461.0,hypothetical protein BC007901,PKDCC_HUMAN,Secreted. Golgi apparatus..,"SgK493, MGC125960, LOC91461",Q504Y2,PKDCC
311,SgK496,Other,SgK496,,25778.0,receptor interacting protein kinase 5,DUSTY_HUMAN,Cytoplasm. Cell membrane. Apical cell membrane. Basolateral cell membrane. Cell junction.,SgK496,Q6XUX3,DSTYK
312,Slob,Other,Slob,,54899.0,PX domain containing serine/threonine kinase,PXK_HUMAN,Cytoplasm. Cell membrane.,"PXK, MONaKA, FLJ20335, Slob",Q7Z7A4,PXK
313,TBCK,Other,TBCK,,93627.0,hypothetical protein MGC16169,TBCK_HUMAN,"Cytoplasm. Cytoplasm, cytoskeleton, spindle. Midbody.","MGC16169, TBCK, HSPC302",Q8TEA7,TBCK
314,TLK1,Other,TLK,,9874.0,tousled-like kinase 1,TLK1_HUMAN,Nucleus..,"KIAA0137, PKU-BETA, TLK1",Q9UKI8,TLK1
315,TLK2,Other,TLK,,11011.0,tousled-like kinase 2,TLK2_HUMAN,"Nucleus. Cytoplasm, perinuclear region. Cytoplasm, cytoskeleton.","Hs.57553, MGC44450, PKU-ALPHA, TLK2",Q86UE8,TLK2
316,PBK,Other,TOPK,,55872.0,PDZ binding kinase,TOPK_HUMAN,-,"SPK, Hs.104741, LOC55872, Nori-3, FLJ14385, TOPK, LOC55886, PBK",Q96KB5,PBK
317,TTK,Other,TTK,,7272.0,TTK protein kinase,TTK_HUMAN,-,"TTK, MPS1L1, PYT, ESK, FLJ38280",P33981,TTK
318,Fused,Other,ULK,Fused,27148.0,"serine/threonine kinase 36, fused homolog (Drosophila)",STK36_HUMAN,Cytoplasm. Nucleus.,"DKFZp434N0223, Fused, STK36, KIAA1278, FU",Q9NRP7,STK36
319,ULK1,Other,ULK,ULK,8408.0,unc-51-like kinase 1 (C. elegans),ULK1_HUMAN,"Cytoplasm, cytosol. Preautophagosomal structure.","FLJ38455, Unc51.1, ULK1, UNC51, ATG1",O75385,ULK1
320,ULK2,Other,ULK,ULK,9706.0,unc-51-like kinase 2 (C. elegans),ULK2_HUMAN,Cytoplasmic vesicle membrane.,"ULK2, KIAA0623, Unc51.2",Q8IYT8,ULK2
321,ULK3,Other,ULK,ULK,25989.0,unc-51-like kinase 3 (C. elegans),ULK3_HUMAN,Cytoplasm.,"FLJ90566, ULK3, DKFZP434C131",Q6PHR2,ULK3
322,ULK4,Other,ULK,ULK,54986.0,unc-51-like kinase 4 (C. elegans),ULK4_HUMAN,-,"FAM7C1, FLJ20574, DKFZp434E1822, ULK4, REC01035",Q96C45,ULK4
323,PIK3R4,Other,VPS15,,30849.0,"phosphoinositide-3-kinase, regulatory subunit 4, p150",PI3R4_HUMAN,"Late endosome. Cytoplasmic vesicle, autophagosome. Membrane.","MGC102700, VPS15, PIK3R4, p150, P150",Q99570,PIK3R4
324,Wee1,Other,WEE,,7465.0,WEE1 homolog (S. pombe),WEE1_HUMAN,Nucleus..,"FLJ16446, Wee1, WEE1, DKFZp686I18166, WEE1hu",P30291,WEE1
325,MYT1,Other,WEE,,9088.0,"protein kinase, membrane associated tyrosine/threonine 1",PMYT1_HUMAN,Endoplasmic reticulum membrane. Golgi apparatus membrane..,"DKFZp547K1610, FLJ20093, PKMYT1, MYT1",Q99640,PKMYT1
327,Wnk1,Other,WNK,,65125.0,WNK lysine deficient protein kinase 1,WNK1_HUMAN,Cytoplasm..,"KIAA0344, Wnk1, PRKWNK1, WNK1, KDP, PHA2C",Q9H4A3,WNK1
328,Wnk4,Other,WNK,,65266.0,WNK lysine deficient protein kinase 4,WNK4_HUMAN,"Cell junction, tight junction.","PRKWNK4, PHA2B, WNK4, Wnk4",Q96J92,WNK4
329,Wnk3,Other,WNK,,65267.0,WNK lysine deficient protein kinase 3,WNK3_HUMAN,Cytoplasm..,"Wnk3, PRKWNK3, KIAA1566, WNK3",Q9BYP7,WNK3
330,Wnk2,Other,WNK,,65268.0,WNK lysine deficient protein kinase 2,WNK2_HUMAN,Cytoplasm. Cell membrane..,"PRKWNK2, Wnk2, KIAA1760, WNK2, NY-CO-43, P/OKcl.13, SDCCAG43",Q9Y3S1,WNK2
331,HSER,RGC,RGC,,2984.0,guanylate cyclase 2C (heat stable enterotoxin receptor),GUC2C_HUMAN,Cell membrane. Endoplasmic reticulum membrane.,"HSER, GUCY2C, STAR, GC-C, GUC2C",P25092,GUCY2C
332,CYGF,RGC,RGC,,2986.0,"guanylate cyclase 2F, retinal",GUC2F_HUMAN,Membrane; Single-pass type I membrane protein..,"ROS-GC2, GUCY2F, CYGF, GC-F, GUC2F, GUC2DL, RETGC-2",P51841,GUCY2F
333,CYGD,RGC,RGC,,3000.0,"guanylate cyclase 2D, membrane (retina-specific)",GUC2D_HUMAN,Membrane; Single-pass type I membrane protein..,"GUCY2D, CYGD, retGC, ROS-GC1, LCA1, LCA, GUC2D, GUC1A4, retGC-1, CORD5, RETGC-1, retGC1, CORD6",Q02846,GUCY2D
334,ANPa,RGC,RGC,,4881.0,natriuretic peptide receptor A/guanylate cyclase A (atrionatriuretic peptide receptor A),ANPRA_HUMAN,Membrane; Single-pass type I membrane protein..,"ANPa, GUCY2A, NPR1, ANPRA, NPRA, GUC2A",P16066,NPR1
335,ANPb,RGC,RGC,,4882.0,natriuretic peptide receptor B/guanylate cyclase B (atrionatriuretic peptide receptor B),ANPRB_HUMAN,Cell membrane..,"ANPRB, ANPb, GUCY2B, GC-B, NPR2, NPRBi, NPRB, AMDM, GUC2B",P20594,NPR2
336,MAP3K5,STE,STE11,ASK,4217.0,mitogen-activated protein kinase kinase kinase 5,M3K5_HUMAN,Cytoplasm. Endoplasmic reticulum.,"ASK1, MAPKKK5, MEKK5, NAP160, MAP3K5",Q99683,MAP3K5
337,MAP3K6,STE,STE11,ASK,9064.0,mitogen-activated protein kinase kinase kinase 6,M3K6_HUMAN,-,"MGC20114, MGC125653, MAP3K6, MAPKKK6, ASK2",O95382,MAP3K6
338,MAP3K7,STE,STE11,ASK,389840.0,mitogen-activated protein kinase kinase kinase 15,M3K15_HUMAN,-,"bA723P2.3, FLJ16518, MAP3K7, MAP3K15",Q6ZN16,MAP3K15
339,MAP3K1,STE,STE11,MEKK1,4214.0,mitogen-activated protein kinase kinase kinase 1,M3K1_HUMAN,-,"MEKK1, MEKK, MAP3K1, MAPKKK1",Q13233,MAP3K1
340,MAP3K8,STE,STE11,MEKK15,80122.0,yeast Sps1/Ste20-related kinase 4 (S. cerevisiae),M3K19_HUMAN,-,MAP3K8,Q56UN5,MAP3K19
341,MAP3K3,STE,STE11,MEKK2,4215.0,mitogen-activated protein kinase kinase kinase 3,M3K3_HUMAN,-,"MAP3K3, MEKK3, MAPKKK3",Q99759,MAP3K3
342,MAP3K2,STE,STE11,MEKK2,10746.0,mitogen-activated protein kinase kinase kinase 2,M3K2_HUMAN,Cytoplasm. Nucleus.,"MAP3K2, LOC51777, MEKK2, MEKK2B",Q9Y2U5,MAP3K2
343,MAP3K4,STE,STE11,MEKK4,4216.0,mitogen-activated protein kinase kinase kinase 4,M3K4_HUMAN,"Cytoplasm, perinuclear region.","MTK1, MAP3K4, KIAA0213, MEKK4, FLJ42439, MAPKKK4, PRO0412",Q9Y6R4,MAP3K4
344,OSR1,STE,STE20,FRAY,9943.0,oxidative-stress responsive 1,OXSR1_HUMAN,Cytoplasm..,"OSR1, OXSR1, KIAA1101",O95747,OXSR1
345,STLK3,STE,STE20,FRAY,27347.0,"serine threonine kinase 39 (STE20/SPS1 homolog, yeast)",STK39_HUMAN,Cytoplasm. Nucleus.,"SPAK, STLK3, PASK, DKFZp686K05124, STK39, DCHT",Q9UEW8,STK39
346,GCK,STE,STE20,KHS,5871.0,mitogen-activated protein kinase kinase kinase kinase 2,M4K2_HUMAN,Cytoplasm. Basolateral cell membrane. Golgi apparatus membrane..,"GCK, MAP4K2, RAB8IP, BL44",Q12851,MAP4K2
347,KHS2,STE,STE20,KHS,8491.0,mitogen-activated protein kinase kinase kinase kinase 3,M4K3_HUMAN,-,"MAPKKKK3, MAP4K3, GLK, KHS2, RAB8IPL1",Q8IVH8,MAP4K3
348,KHS1,STE,STE20,KHS,11183.0,mitogen-activated protein kinase kinase kinase kinase 5,M4K5_HUMAN,Cytoplasm..,"GCKR, KHS, MAP4K5, KHS1, MAPKKKK5",Q9Y4K4,MAP4K5
349,HPK1,STE,STE20,KHS,11184.0,mitogen-activated protein kinase kinase kinase kinase 1,M4K1_HUMAN,-,"MAP4K1, Hs.86575, HPK1",Q92918,MAP4K1
350,HGK,STE,STE20,MSN,9448.0,mitogen-activated protein kinase kinase kinase kinase 4,M4K4_HUMAN,Cytoplasm..,"HGK, ZC1",O95819,MAP4K4
351,TNIK,STE,STE20,MSN,23043.0,TRAF2 and NCK interacting kinase,TNIK_HUMAN,"Nucleus. Cytoplasm. Recycling endosome. Cytoplasm, cytoskeleton.","TNIK, ZC2",Q9UKE5,TNIK
352,NRK,STE,STE20,MSN,203447.0,Nik related kinase,NRK_HUMAN,-,"NRK, ZC4",Q7Z2Y5,NRK
353,MINK,STE,STE20,MSN,50488.0,misshapen-like kinase 1 (zebrafish),MINK1_HUMAN,"Cytoplasm. Cell junction, synapse, postsynaptic cell membrane, postsynaptic density. Cell projection, axon. Cell projection, dendrite.; Isoform 4: Golgi apparatus..","MINK, ZC3",Q8N4C8,MINK1
354,MST2,STE,STE20,MST,6788.0,"serine/threonine kinase 3 (STE20 homolog, yeast)",STK3_HUMAN,Cytoplasm. Nucleus.,"p33QIK, STK3, KRS1, FLJ90748, MST2",Q13188,STK3
355,MST1,STE,STE20,MST,6789.0,serine/threonine kinase 4,STK4_HUMAN,Cytoplasm. Nucleus.,"KRS2, DKFZp686A2068, MST1, Krs-2, STK4, YSK3",Q13043,STK4
356,MYO3A,STE,STE20,NinaC,53904.0,myosin IIIA,MYO3A_HUMAN,"Cytoplasm, cytoskeleton. Cytoplasm. Cell projection, filopodium tip. Cell projection, stereocilium.","MYO3A, DFNB30",Q8NEV4,MYO3A
357,MYO3B,STE,STE20,NinaC,140469.0,myosin IIIB,MYO3B_HUMAN,"Cytoplasm, cytoskeleton. Cell projection, stereocilium..",MYO3B,Q8WXR4,MYO3B
358,PAK1,STE,STE20,PAKA,5058.0,"p21/Cdc42/Rac1-activated kinase 1 (STE20 homolog, yeast)",PAK1_HUMAN,"Cytoplasm. Cell junction, focal adhesion. Cell membrane. Cell projection, ruffle membrane. Cell projection, invadopodium.","MGC130000, MGC130001, PAKalpha, PAK1",Q13153,PAK1
359,PAK2,STE,STE20,PAKA,5062.0,p21 (CDKN1A)-activated kinase 2,PAK2_HUMAN,Serine/threonine-protein kinase PAK 2: Cytoplasm.,"PAK65, PAKgamma, PAK2",Q13177,PAK2
360,PAK3,STE,STE20,PAKA,5063.0,p21 (CDKN1A)-activated kinase 3,PAK3_HUMAN,Serine/threonine-protein kinase PAK 2: Cytoplasm.,"bPAK, MRX30, PAK3beta, CDKN1A, OPHN3, MRX47, hPAK3, PAK3",Q13177,PAK2
361,PAK4,STE,STE20,PAKB,10298.0,p21(CDKN1A)-activated kinase 4,PAK4_HUMAN,Cytoplasm.,PAK4,O96013,PAK4
362,PAK6,STE,STE20,PAKB,56924.0,p21(CDKN1A)-activated kinase 6,PAK6_HUMAN,Cytoplasm. Nucleus.,"PAK5, PAK6",Q9NQU5,PAK6
363,PAK5,STE,STE20,PAKB,57144.0,p21(CDKN1A)-activated kinase 7,PAK5_HUMAN,Mitochondrion. Cytoplasm. Nucleus.,"MGC26232, PAK5, PAK7, KIAA1264",Q9P286,PAK5
364,LOK,STE,STE20,SLK,6793.0,serine/threonine kinase 10,STK10_HUMAN,Cell membrane..,"LOK, STK10, PRO2729",O94804,STK10
365,SLK,STE,STE20,SLK,9748.0,STE20-like kinase (yeast),SLK_HUMAN,Cytoplasm..,"MGC133067, STK2, KIAA0204, SLK, bA16H23.1, se20-9",Q9H2G2,SLK
366,STLK6,STE,STE20,STLK,55437.0,"amyotrophic lateral sclerosis 2 (juvenile) chromosome region, candidate 2",STRAB_HUMAN,Nucleus. Cytoplasm..,"CALS-21, MGC102916, PAPK, STLK6, ILPIPA, PRO1038, ILPIP, ALS2CR2",Q9C0K7,STRADB
367,STLK5,STE,STE20,STLK,92335.0,protein kinase LYK5,STRAA_HUMAN,Nucleus. Cytoplasm..,"STRAD, FLJ90524, LYK5, STLK5",Q7RTN6,STRADA
368,TAO2,STE,STE20,TAO,9344.0,TAO kinase 2,TAOK2_HUMAN,"Cytoplasmic vesicle membrane. Cytoplasm, cytoskeleton. Nucleus.","PSK, KIAA0881, TAO2, MAP3K17, PSK1, TAO1, TAOK2",Q9UL54,TAOK2
369,TAO3,STE,STE20,TAO,51347.0,TAO kinase 3,TAOK3_HUMAN,Cytoplasm. Cell membrane.,"DKFZp666H245, JIK, FLJ31808, MAP3K18, TAO3, DPK, TAOK3",Q9H2K8,TAOK3
370,TAO1,STE,STE20,TAO,57551.0,TAO kinase 1,TAOK1_HUMAN,Cytoplasm..,"KIAA1361, FLJ14314, TAOK1, MARKK, PSK2, MAP3K16, TAO1",Q7L7X3,TAOK1
371,MST3,STE,STE20,YSK,8428.0,"serine/threonine kinase 24 (STE20 homolog, yeast)",STK24_HUMAN,Cytoplasm. Nucleus. Membrane.,"MST-3, STK3, STK24, MST3B, MST3",Q9Y6E0,STK24
372,YSK1,STE,STE20,YSK,10494.0,"serine/threonine kinase 25 (STE20 homolog, yeast)",STK25_HUMAN,Cytoplasm. Golgi apparatus.,"DKFZp686J1430, STK25, YSK1, SOK1",O00506,STK25
373,MST4,STE,STE20,YSK,51765.0,serine/threonine protein kinase MST4,STK26_HUMAN,Cytoplasm. Golgi apparatus.,"MST4, MASK, LOC51765, RP6-213H19.1",Q9P289,STK26
374,MAP2K1,STE,STE7,MEK1,5604.0,mitogen-activated protein kinase kinase 1,MP2K1_HUMAN,"Cytoplasm, cytoskeleton, microtubule organizing center, centrosome. Cytoplasm, cytoskeleton, microtubule organizing center, spindle pole body. Cytoplasm. Nucleus. Membrane.","PRKMK1, MKK1, MAP2K1, MAPKK1, MEK1",Q02750,MAP2K1
375,MAP2K2,STE,STE7,MEK1,5605.0,mitogen-activated protein kinase kinase 2,MP2K2_HUMAN,Cytoplasm. Membrane.,"MAPKK2, MAP2K2, MKK2, PRKMK2, MEK2",P36507,MAP2K2
376,MAP2K3,STE,STE7,MEK3,5606.0,mitogen-activated protein kinase kinase 3,MP2K3_HUMAN,-,"MAP2K3, MEK3, PRKMK3, MKK3, MAPKK3",P46734,MAP2K3
377,MAP2K6,STE,STE7,MEK3,5608.0,mitogen-activated protein kinase kinase 6,MP2K6_HUMAN,"Nucleus. Cytoplasm. Cytoplasm, cytoskeleton.","MAP2K6, PRKMK6, SAPKK3, MAPKK6, MEK6, MKK6",P52564,MAP2K6
378,MAP2K4,STE,STE7,MEK4,6416.0,mitogen-activated protein kinase kinase 4,MP2K4_HUMAN,Cytoplasm. Nucleus..,"SEK1, MAP2K4, PRKMK4, MAPKK4, MEK4, JNKK1, MKK4, JNKK, SERK1",P45985,MAP2K4
379,MAP2K5,STE,STE7,MEK5,5607.0,mitogen-activated protein kinase kinase 5,MP2K5_HUMAN,-,"HsT17454, PRKMK5, MEK5, MAP2K5, MAPKK5",Q13163,MAP2K5
380,MAP2K7,STE,STE7,MEK7,5609.0,mitogen-activated protein kinase kinase 7,MP2K7_HUMAN,Nucleus. Cytoplasm..,"PRKMK7, MAP2K7, MAPKK7, JNKK2, Jnkk2, MKK7",O14733,MAP2K7
381,COT,STE,STE-Unique,,1326.0,mitogen-activated protein kinase kinase kinase 8,M3K8_HUMAN,Cytoplasm..,"ESTF, EST, COT, Tpl-2, MAP3K8, TPL2, TPL-2, FLJ10486, c-COT",P41279,MAP3K8
382,NIK,STE,STE-Unique,,9020.0,mitogen-activated protein kinase kinase kinase 14,M3K14_HUMAN,Cytoplasm..,"NIK, HSNIK, FTDCR1B, MAP3K14, HS",Q99558,MAP3K14
383,ABL1,TK,Abl,,25.0,v-abl Abelson murine leukemia viral oncogene homolog 1,ABL1_HUMAN,"Cytoplasm, cytoskeleton. Nucleus. Mitochondrion.","v-abl, c-ABL, JTK7, ABL, p150, ABL1, c-ab1",P00519,ABL1
384,ABL2,TK,Abl,,27.0,"v-abl Abelson murine leukemia viral oncogene homolog 2 (arg, Abelson-related gene)",ABL2_HUMAN,"Cytoplasm, cytoskeleton..","ABL2, ABLL, ARG",P42684,ABL2
385,ACK,TK,Ack,,10188.0,"tyrosine kinase, non-receptor, 2",ACK1_HUMAN,"Cell membrane. Nucleus. Endosome. Cell junction, adherens junction. Cytoplasmic vesicle membrane; Peripheral membrane protein; Cytoplasmic side. Cytoplasmic vesicle, clathrin-coated vesicle. Membrane, clathrin-coated pit. Cytoplasm, perinuclear region.","TNK2, ACK, FLJ44758, ACK1, FLJ45547, p21cdc42Hs",Q07912,TNK2
386,TNK1,TK,Ack,,8711.0,"tyrosine kinase, non-receptor, 1",TNK1_HUMAN,"Cytoplasm. Golgi apparatus membrane. Cytoplasm, cytoskeleton, microtubule organizing center, centrosome. Nucleus, nuclear pore complex. Chromosome, telomere. Cytoplasm, cytoskeleton, spindle pole.","TNK1, MGC46193",O95271,TNKS
387,ALK,TK,ALK,,238.0,anaplastic lymphoma kinase (Ki-1),ALK_HUMAN,Cell membrane.,"CD246, ALK, TFG/ALK",Q9UM73,ALK
388,LTK,TK,ALK,,4058.0,leukocyte tyrosine kinase,LTK_HUMAN,Membrane; Single-pass type I membrane protein..,"LTK, TYK1",P29376,LTK
389,AXL,TK,Axl,,558.0,AXL receptor tyrosine kinase,UFO_HUMAN,Cell membrane..,"Ark, AXL, UFO",P30530,AXL
390,TYRO3,TK,Axl,,7301.0,TYRO3 protein tyrosine kinase,TYRO3_HUMAN,Cell membrane; Single-pass type I membrane protein..,"DTK, RSE, Brt, SKY, BYK, TIF, Tif, TYRO3",Q06418,TYRO3
391,MER,TK,Axl,,10461.0,c-mer proto-oncogene tyrosine kinase,MERTK_HUMAN,Membrane..,"C-MER, MER, MGC133349, MERTK, mer, c-mer",Q12866,MERTK
392,CCK4,TK,CCK4,,5754.0,PTK7 protein tyrosine kinase 7,PTK7_HUMAN,Membrane. Cell junction.,"PTK7, CCK4",Q13308,PTK7
393,CSK,TK,Csk,,1445.0,c-src tyrosine kinase,CSK_HUMAN,Cytoplasm. Cell membrane.,"MGC117393, CSK, CYL",P41240,CSK
394,CTK,TK,Csk,,4145.0,megakaryocyte-associated tyrosine kinase,MATK_HUMAN,Cytoplasm. Membrane.,"HYLTK, MGC2101, CHK, HYL, Lsk, DKFZp434N1212, MGC1708, MATK, HHYLTK, CTK",P42679,MATK
395,DDR1,TK,DDR,,780.0,"discoidin domain receptor family, member 1",DDR1_HUMAN,Isoform 1: Cell membrane; Single-pass type I membrane protein.; Isoform 2: Cell membrane; Single-pass type I membrane protein.; Isoform 3: Secreted.; Isoform 4: Cell membrane; Single-pass type I membrane protein..,"PTK3, EDDR1, NTRK4, DDR, DDR1, trkE, CD167, CAK, RTK6, PTK3A, TRKE, MCK10, NEP",Q08345,DDR1
396,DDR2,TK,DDR,,4921.0,"discoidin domain receptor family, member 2",DDR2_HUMAN,Cell membrane..,"DDR2, TKT, NTRKR3, TYRO10, MIG20a",Q16832,DDR2
397,EGFR,TK,EGFR,,1956.0,"epidermal growth factor receptor (erythroblastic leukemia viral (v-erb-b) oncogene homolog, avian)",EGFR_HUMAN,Cell membrane. Endoplasmic reticulum membrane; Single-pass type I membrane protein. Golgi apparatus membrane; Single-pass type I membrane protein. Nucleus membrane; Single-pass type I membrane protein. Endosome. Endosome membrane. Nucleus.,"ERBB, ERBB1, EGFR, mENA, EGFRvIII",P00533,EGFR
398,ErbB2,TK,EGFR,,2064.0,"v-erb-b2 erythroblastic leukemia viral oncogene homolog 2, neuro/glioblastoma derived oncogene homolog (avian)",ERBB2_HUMAN,"Isoform 1: Cell membrane; Single-pass type I membrane protein. Cytoplasm, perinuclear region. Nucleus.","ErbB2, ERBB2, Hs.103992, NGL, c-erbB2, TKR1, HER-2, Hs.323910, c-erb B2, c-erbB-2, HER2, NEU, HER-2/neu",P04626,ERBB2
399,ErbB3,TK,EGFR,,2065.0,v-erb-b2 erythroblastic leukemia viral oncogene homolog 3 (avian),ERBB3_HUMAN,Isoform 1: Cell membrane; Single-pass type I membrane protein.; Isoform 2: Secreted..,"ErbB3, MDA-BF-1, p180-ErbB3, Hs.199067, ERBB3, erbB3-S, c-erbB3, p85-sErbB3, p45-sErbB3, Hs.167387, Hs.167386, HER3, c-erbB-3, ErbB-3, MGC88033",P21860,ERBB3
400,ErbB4,TK,EGFR,,2066.0,v-erb-a erythroblastic leukemia viral oncogene homolog 4 (avian),ERBB4_HUMAN,Cell membrane.,"p180erbB4, MGC138404, ERBB4, ErbB4, HER4",Q15303,ERBB4
401,EphA2,TK,Eph,,1969.0,EPH receptor A2,EPHA2_HUMAN,"Cell membrane. Cell projection, ruffle membrane. Cell projection, lamellipodium membrane. Cell junction, focal adhesion.","ECK, EphA2, EPHA2",P29317,EPHA2
402,EphA1,TK,Eph,,2041.0,EPH receptor A1,EPHA1_HUMAN,Cell membrane..,"MGC163163, EphA1, EPHA1, EPHT, EPHT1, EPH",P21709,EPHA1
403,EphA3,TK,Eph,,2042.0,EPH receptor A3,EPHA3_HUMAN,Isoform 1: Cell membrane.; Isoform 2: Secreted..,"HEK4, EPHA3, EphA3, ETK, TYRO4, ETK1, HEK",P29320,EPHA3
404,EphA4,TK,Eph,,2043.0,EPH receptor A4,EPHA4_HUMAN,"Cell membrane. Cell projection, axon. Cell projection, dendrite. Cell junction, synapse, postsynaptic cell membrane, postsynaptic density. Early endosome.","HEK8, SEK, EphA4, TYRO1, EPHA4",P54764,EPHA4
405,EphA5,TK,Eph,,2044.0,EPH receptor A5,EPHA5_HUMAN,"Cell membrane. Cell projection, axon. Cell projection, dendrite..","Hs.31092, HEK7, EphA5, Hs.194771, TYRO4, EHK1, EPHA5, CEK7",P54756,EPHA5
406,EphA7,TK,Eph,,2045.0,EPH receptor A7,EPHA7_HUMAN,Cell membrane..,"EphA7, EPHA7, HEK11, EHK3",Q15375,EPHA7
407,EphA8,TK,Eph,,2046.0,EPH receptor A8,EPHA8_HUMAN,Cell membrane. Cell projection. Early endosome membrane.,"EPHA8, HEK3, KIAA1459, EEK, EphA8",P29322,EPHA8
408,EphB1,TK,Eph,,2047.0,EPH receptor B1,EPHB1_HUMAN,"Cell membrane. Early endosome membrane. Cell projection, dendrite..","ELK, EphB1, Hek6, HEK6, FLJ37986, EPHB1, EPHT2, NET",P54762,EPHB1
409,EphB2,TK,Eph,,2048.0,EPH receptor B2,EPHB2_HUMAN,"Cell membrane; Single-pass type I membrane protein. Cell projection, axon. Cell projection, dendrite..","EphB2, EPHB2, Hek5, MGC87492, DRT, PCBC, EPHT3, Tyro5, ERK, CAPB, HEK5",P29323,EPHB2
410,EphB3,TK,Eph,,2049.0,EPH receptor B3,EPHB3_HUMAN,"Cell membrane. Cell projection, dendrite..","ETK2, EphB3, HEK2, TYRO6, EPHB3",P54753,EPHB3
411,EphB4,TK,Eph,,2050.0,EPH receptor B4,EPHB4_HUMAN,Cell membrane..,"EPHB4, HTK, TYRO11, MYK1, EphB4",P54760,EPHB4
412,EphB6,TK,Eph,,2051.0,EPH receptor B6,EPHB6_HUMAN,Membrane; Single-pass type I membrane protein.; Isoform 3: Secreted..,"HEP, EPHB6, EphB6, MGC129910, MGC129911",O15197,EPHB6
413,EphA10,TK,Eph,,284656.0,EPH receptor A10,EPHAA_HUMAN,Isoform 1: Cell membrane.; Isoform 3: Cell membrane.; Isoform 2: Secreted..,"MGC43817, FLJ33655, EPHA10, FLJ16103, EphA10",Q5JZY3,EPHA10
414,EphA6,TK,Eph,,285220.0,EPH receptor A6,EPHA6_HUMAN,Membrane..,"EPA6, DKFZp434C1418, EphA6, EPHA6, FLJ35246, PRO57066",Q9UF33,EPHA6
415,PYK2,TK,FAK,,2185.0,PTK2B protein tyrosine kinase 2 beta,FAK2_HUMAN,"Cytoplasm. Cytoplasm, perinuclear region. Cell membrane; Peripheral membrane protein; Cytoplasmic side. Cell junction, focal adhesion. Cell projection, lamellipodium. Cytoplasm, cell cortex. Nucleus.","FAK2, FADK2, PTK, PYK2, CAK_beta, CADTK, PKB, PTK2B, RAFTK, CAKB",Q14289,PTK2B
416,FAK,TK,FAK,,5747.0,PTK2 protein tyrosine kinase 2,FAK1_HUMAN,"Cell junction, focal adhesion. Cell membrane; Peripheral membrane protein; Cytoplasmic side. Cytoplasm, cell cortex. Cytoplasm, cytoskeleton. Cytoplasm, cytoskeleton, microtubule organizing center, centrosome. Nucleus.","FAK1, pp125FAK, FADK, FAK, PTK2, FAKpp125",Q05397,PTK2
417,FER,TK,Fer,,2241.0,fer (fps/fes related) tyrosine kinase (phosphoprotein NCP94),FER_HUMAN,"Cytoplasm. Cytoplasm, cytoskeleton. Cell membrane; Peripheral membrane protein; Cytoplasmic side. Cell projection. Cell junction. Membrane; Peripheral membrane protein; Cytoplasmic side. Nucleus. Cytoplasm, cell cortex.","NCP94, TYK3, FER",P16591,FER
418,FES,TK,Fer,,2242.0,feline sarcoma oncogene,FES_HUMAN,"Cytoplasm, cytosol. Cytoplasm, cytoskeleton. Cell membrane; Peripheral membrane protein; Cytoplasmic side. Cytoplasmic vesicle. Golgi apparatus. Cell junction, focal adhesion.","FES, FPS",P07332,FES
419,FGFR1,TK,FGFR,,2260.0,"fibroblast growth factor receptor 1 (fms-related tyrosine kinase 2, Pfeiffer syndrome)",FGFR1_HUMAN,"Cell membrane; Single-pass type I membrane protein. Nucleus. Cytoplasm, cytosol. Cytoplasmic vesicle.","HBGFR, H4, H2, C-FGR, CEK, FLJ14326, H5, N-SAM, KAL2, BFGFR, H3, FGFBR, CD331, LOC51033, FLT2, FLG, FGFR1",P11362,FGFR1
420,FGFR3,TK,FGFR,,2261.0,"fibroblast growth factor receptor 3 (achondroplasia, thanatophoric dwarfism)",FGFR3_HUMAN,Isoform 1: Cell membrane; Single-pass type I membrane protein. Cytoplasmic vesicle. Endoplasmic reticulum.,"CEK2, ACH, JTK4, CD333, FGFR3, HSFGFR3EX",P22607,FGFR3
421,FGFR2,TK,FGFR,,2263.0,"fibroblast growth factor receptor 2 (bacteria-expressed kinase, keratinocyte growth factor receptor, craniofacial dysostosis 1, Crouzon syndrome, Pfeiffer syndrome, Jackson-Weiss syndrome)",FGFR2_HUMAN,Cell membrane; Single-pass type I membrane protein. Golgi apparatus. Cytoplasmic vesicle.,"BEK, K-SAM, ECT1, KGFR, JWS, TK14, CFD1, TK25, CEK3, FGFR2, CD332, BFR-1",P21802,FGFR2
422,FGFR4,TK,FGFR,,2264.0,fibroblast growth factor receptor 4,FGFR4_HUMAN,Cell membrane; Single-pass type I membrane protein. Endosome. Endoplasmic reticulum.,"TKF, JTK2, FGFR4, CD334, MGC20292",P22455,FGFR4
423,IGF1R,TK,InsR,,3480.0,insulin-like growth factor 1 receptor,IGF1R_HUMAN,Cell membrane..,"MGC142172, IGF1R, MGC142170, IGFIR, CD221, MGC18216, JTK13",P08069,IGF1R
424,INSR,TK,InsR,,3643.0,insulin receptor,INSR_HUMAN,Cell membrane; Single-pass type I membrane protein..,"INSR, HHF5, CD220",P06213,INSR
425,IRR,TK,InsR,,3645.0,insulin receptor-related receptor,INSRR_HUMAN,Membrane; Single-pass type I membrane protein..,"IRR, INSRR",P14616,INSRR
426,JAK1,TK,JakA,,3716.0,Janus kinase 1 (a protein tyrosine kinase),JAK1_HUMAN,Endomembrane system; Peripheral membrane protein.,"JAK1A, JAK1B, JAK1",P23458,JAK1
427,JAK2,TK,JakA,,3717.0,Janus kinase 2 (a protein tyrosine kinase),JAK2_HUMAN,Endomembrane system. Cytoplasm. Nucleus..,JAK2,O60674,JAK2
428,JAK3,TK,JakA,,3718.0,"Janus kinase 3 (a protein tyrosine kinase, leukocyte)",JAK3_HUMAN,Endomembrane system. Cytoplasm..,"JAKL, LJAK, JAK3, L-JAK, JAK-3, JAK3_HUMAN",P52333,JAK3
429,TYK2,TK,JakA,,7297.0,tyrosine kinase 2,TYK2_HUMAN,-,"TYK2, JTK1",P29597,TYK2
430,LMR1,TK,Lmr,,9625.0,apoptosis-associated tyrosine kinase,LMTK1_HUMAN,"Membrane. Cytoplasm. Cytoplasm, perinuclear region.","KIAA0641, AATYK, LMTK1, LMR1, AATK",Q6ZMQ8,AATK
431,LMR2,TK,Lmr,,22853.0,lemur tyrosine kinase 2,LMTK2_HUMAN,Membrane..,"BREK, LMTK2, AATYK2, LMR2, KIAA1079, KPI2, cprk, KPI-2",Q8IWU2,LMTK2
433,MET,TK,Met,,4233.0,met proto-oncogene (hepatocyte growth factor receptor),MET_HUMAN,Membrane; Single-pass type I membrane protein.; Isoform 3: Secreted..,"MET, C-MET, RCCP2, HGFR",P08581,MET
434,RON,TK,Met,,4486.0,macrophage stimulating 1 receptor (c-met-related tyrosine kinase),RON_HUMAN,Membrane; Single-pass type I membrane protein..,"CDw136, PTK8, MST1R, RON",Q04912,MST1R
435,MUSK,TK,Musk,,4593.0,"muscle, skeletal, receptor tyrosine kinase",MUSK_HUMAN,"Cell junction, synapse, postsynaptic cell membrane.","MUSK, MGC126323, MGC126324",O15146,MUSK
436,FMS,TK,PDGFR,,1436.0,"colony stimulating factor 1 receptor, formerly McDonough feline sarcoma viral (v-fms) oncogene homolog",CSF1R_HUMAN,Cell membrane; Single-pass type I membrane protein..,"FIM2, CD115, CSF1R, FMS, CSFR, C-FMS, CSF-1R",P07333,CSF1R
437,FLT3,TK,PDGFR,,2322.0,fms-related tyrosine kinase 3,FLT3_HUMAN,Membrane; Single-pass type I membrane protein. Endoplasmic reticulum lumen.,"STK1, CD135, FLT3, FLK2",P36888,FLT3
438,KIT,TK,PDGFR,,3815.0,v-kit Hardy-Zuckerman 4 feline sarcoma viral oncogene homolog,KIT_HUMAN,Isoform 1: Cell membrane; Single-pass type I membrane protein.; Isoform 2: Cell membrane; Single-pass type I membrane protein.; Isoform 3: Cytoplasm.,"PBT, CD117, C-Kit, SCFR, KIT",P10721,KIT
439,PDGFRa,TK,PDGFR,,5156.0,"platelet-derived growth factor receptor, alpha polypeptide",PGFRA_HUMAN,"Cell membrane. Cell projection, cilium. Golgi apparatus..","PDGFRa, CD140A, PDGFRA, PDGFR2, MGC74795, Rhe-PDGFRA",P16234,PDGFRA
440,PDGFRb,TK,PDGFR,,5159.0,"platelet-derived growth factor receptor, beta polypeptide",PGFRB_HUMAN,Cell membrane; Single-pass type I membrane protein. Cytoplasmic vesicle. Lysosome lumen.,"PDGFR, PDGFRb, PDGFRB, CD140B, PDGFR1, PDGF-R-beta, JTK12",P09619,PDGFRB
441,RET,TK,Ret,,5979.0,"ret proto-oncogene (multiple endocrine neoplasia and medullary thyroid carcinoma 1, Hirschsprung disease)",RET_HUMAN,Cell membrane. Endosome membrane..,"RET51, CDHF12, HSCR1, PTC, Hs.168114, RET, RET-ELE1, MEN2B, Hs.RET, MTC1, MEN2A",P07949,RET
442,ROR1,TK,Ror,,4919.0,receptor tyrosine kinase-like orphan receptor 1,ROR1_HUMAN,"Membrane; Single-pass type I membrane protein. Cell projection, axon..","MGC99659, NTRKR1, ROR1, dJ537F10.1",Q01973,ROR1
443,ROR2,TK,Ror,,4920.0,receptor tyrosine kinase-like orphan receptor 2,ROR2_HUMAN,Cell membrane..,"NTRKR2, BDB1, ROR2, MGC163394, BDB",Q01974,ROR2
444,RYK,TK,Ryk,,6259.0,RYK receptor-like tyrosine kinase,RYK_HUMAN,Membrane. Nucleus. Cytoplasm.,"JTK5A, RYK1, RYK, JTK5, D3S3195",P34925,RYK
445,ROS,TK,Sev,,6098.0,v-ros UR2 sarcoma virus oncogene homolog 1 (avian),ROS1_HUMAN,Cell membrane..,"MCF3, ROS, ROS1",P08922,ROS1
446,FRK,TK,Src,Frk,2444.0,fyn-related kinase,FRK_HUMAN,Cytoplasm. Nucleus.,"FRK, GTK, PTK5, RAK",P42685,FRK
447,FGR,TK,Src,SrcA,2268.0,Gardner-Rasheed feline sarcoma viral (v-fgr) oncogene homolog,FGR_HUMAN,"Cell membrane. Cell membrane; Peripheral membrane protein; Cytoplasmic side. Cell projection, ruffle membrane. Cytoplasm, cytosol. Cytoplasm, cytoskeleton. Mitochondrion inner membrane. Mitochondrion intermembrane space.","FLJ43153, FGR, SRC2, MGC75096, p55c-fgr, p58c-fgr, c-fgr, c-src2",P09769,FGR
448,FYN,TK,Src,SrcA,2534.0,"FYN oncogene related to SRC, FGR, YES",FYN_HUMAN,Cytoplasm. Nucleus. Cell membrane.,"FYN, SYN, MGC45350, SLK",P06241,FYN
449,SRC,TK,Src,SrcA,6714.0,v-src sarcoma (Schmidt-Ruppin A-2) viral oncogene homolog (avian),SRC_HUMAN,"Cell membrane. Mitochondrion inner membrane. Nucleus. Cytoplasm, cytoskeleton. Cytoplasm, perinuclear region.","p60-Src, SRC, SRC1, ASV, c-SRC",P12931,SRC
450,YES,TK,Src,SrcA,7525.0,v-yes-1 Yamaguchi sarcoma viral oncogene homolog 1,YES_HUMAN,"Cell membrane. Cytoplasm, cytoskeleton, microtubule organizing center, centrosome. Cytoplasm, cytosol.","HsT441, c-yes, C-YES, Yes, YES, P61-YES, YES1",P07947,YES1
451,BLK,TK,Src,SrcB,640.0,B lymphoid tyrosine kinase,BLK_HUMAN,Cell membrane.,"MGC10442, BLK",P51451,BLK
452,HCK,TK,Src,SrcB,3055.0,hemopoietic cell kinase,HCK_HUMAN,"Isoform 1: Lysosome. Membrane; Lipid-anchor. Cell projection, podosome membrane; Lipid-anchor. Cytoplasm, cytosol.","HCK, p59hck, p56hck, JTK9",P08631,HCK
453,LCK,TK,Src,SrcB,3932.0,lymphocyte-specific protein tyrosine kinase,LCK_HUMAN,Cytoplasm. Cell membrane.,"pp58lck, LCK, YT16, p56lck",P06239,LCK
454,LYN,TK,Src,SrcB,4067.0,v-yes-1 Yamaguchi sarcoma viral related oncogene homolog,LYN_HUMAN,Glycoprotein N: Virion membrane. Host Golgi apparatus membrane. Host endoplasmic reticulum membrane.,"LYN, JTK8, FLJ26625",Q83887,GP
455,BRK,TK,Src,SRM,5753.0,PTK6 protein tyrosine kinase 6,PTK6_HUMAN,"Cytoplasm. Nucleus. Cell projection, ruffle. Membrane.","FLJ42088, BRK, PTK6",Q13882,PTK6
456,SRM,TK,Src,SRM,6725.0,src-related kinase lacking C-terminal regulatory tyrosine and N-terminal myristylation sites,SRMS_HUMAN,Cytoplasm.,"C20orf148, SRMS, dJ697K14.1, SRM",Q9H3Y6,SRMS
457,SYK,TK,Syk,,6850.0,spleen tyrosine kinase,KSYK_HUMAN,"Cell membrane. Cytoplasm, cytosol..",SYK,P43405,SYK
458,ZAP70,TK,Syk,,7535.0,zeta-chain (TCR) associated protein kinase 70kDa,ZAP70_HUMAN,Cytoplasm. Cell membrane.,"STD, SRK, TZK, ZAP70, ZAP-70",P43403,ZAP70
459,BMX,TK,Tec,,660.0,BMX non-receptor tyrosine kinase,BMX_HUMAN,Cytoplasm.,"ETK, BMX, PSCTK2, PSCTK3",P51813,BMX
460,BTK,TK,Tec,,695.0,Bruton agammaglobulinemia tyrosine kinase,BTK_HUMAN,Cytoplasm. Cell membrane; Peripheral membrane protein. Nucleus.,"AGMX1, IMD1, PSCTK1, BPK, ATK, XLA, MGC126261, MGC126262, AT, BTK",Q06187,BTK
461,ITK,TK,Tec,,3702.0,IL2-inducible T-cell kinase,ITK_HUMAN,Cytoplasm. Nucleus.,"MGC126258, ITK, PSCTK2, MGC126257, EMT, LYK",Q08881,ITK
462,TEC,TK,Tec,,7006.0,tec protein tyrosine kinase,TEC_HUMAN,"Cytoplasm. Cell membrane; Peripheral membrane protein. Cytoplasm, cytoskeleton.","MGC126760, MGC126762, TEC, PSCTK4",P42680,TEC
463,TXK,TK,Tec,,7294.0,TXK tyrosine kinase,TXK_HUMAN,Cytoplasm. Nucleus. Cell membrane.,"TXK, PTK4, RLK, TKL, PSCTK5, MGC22473, BTKL",P42681,TXK
464,TIE2,TK,Tie,,7010.0,"TEK tyrosine kinase, endothelial (venous malformations, multiple cutaneous and mucosal)",TIE2_HUMAN,"Cell membrane; Single-pass type I membrane protein. Cell junction. Cell junction, focal adhesion. Cytoplasm, cytoskeleton. Secreted.","VMCM1, TEK, HPK-6, VMCM, TIE2, CD202B, TIE-2",Q02763,TEK
465,TIE1,TK,Tie,,7075.0,tyrosine kinase with immunoglobulin-like and EGF-like domains 1,TIE1_HUMAN,Cell membrane..,"JTK14, TIE, TIE1",P35590,TIE1
466,SuRTK106,TK,TK-Unique,,55359.0,serine/threonine/tyrosine kinase 1,STYK1_HUMAN,Membrane..,"DKFZp761P1010, DKFZP761P1010, NOK, SuRTK106, STYK1",Q6J9G0,STYK1
467,TRKA,TK,Trk,,4914.0,"neurotrophic tyrosine kinase, receptor, type 1",NTRK1_HUMAN,Cell membrane. Early endosome membrane. Late endosome membrane. Recycling endosome membrane.,"TRK, TRK1, TRKA, NTRK1, TRK-A, p140-TrkA, DKFZp781I14186, MTC",P04629,NTRK1
468,TRKB,TK,Trk,,4915.0,"neurotrophic tyrosine kinase, receptor, type 2",NTRK2_HUMAN,"Cell membrane. Endosome membrane. Early endosome membrane. Cell projection, axon. Cell projection, dendrite. Cytoplasm, perinuclear region.","GP145-TrkB, TRKB, NTRK2",Q16620,NTRK2
469,TRKC,TK,Trk,,4916.0,"neurotrophic tyrosine kinase, receptor, type 3",NTRK3_HUMAN,Membrane; Single-pass type I membrane protein..,"TRKC, gp145(trkC), NTRK3",Q16288,NTRK3
470,FLT1,TK,VEGFR,,2321.0,fms-related tyrosine kinase 1 (vascular endothelial growth factor/vascular permeability factor receptor),VGFR1_HUMAN,Isoform 1: Cell membrane; Single-pass type I membrane protein. Endosome.,"VEGFR1, VEGFR-1, FLT-1, FLT, FLT1",P17948,FLT1
471,FLT4,TK,VEGFR,,2324.0,fms-related tyrosine kinase 4,VGFR3_HUMAN,Cell membrane; Single-pass type I membrane protein. Cytoplasm. Nucleus.,"FLT4, VEGFR3, FLT41, PCL",P35916,FLT4
472,KDR,TK,VEGFR,,3791.0,kinase insert domain receptor (a type III receptor tyrosine kinase),VGFR2_HUMAN,Cell junction. Endoplasmic reticulum.,"FLK1, VEGFR, FLK-1, Hs.12337, VEGFR2, VEGFR-2, Hs.KDR, CD309, KDR",P35968,KDR
473,IRAK1,TKL,IRAK,,3654.0,interleukin-1 receptor-associated kinase 1,IRAK1_HUMAN,Cytoplasm. Nucleus. Lipid droplet.,"IRAK, IRAK1, pelle",P51617,IRAK1
474,IRAK2,TKL,IRAK,,3656.0,interleukin-1 receptor-associated kinase 2,IRAK2_HUMAN,-,"IRAK2, IRAK-2, MGC150550",O43187,IRAK2
475,IRAK3,TKL,IRAK,,11213.0,interleukin-1 receptor-associated kinase 3,IRAK3_HUMAN,-,"IRAK3, IRAK-M",Q9Y616,IRAK3
476,IRAK4,TKL,IRAK,,51135.0,interleukin-1 receptor-associated kinase 4,IRAK4_HUMAN,Cytoplasm..,"REN64, NY-REN-64, LOC51135, IRAK4",Q9NWZ3,IRAK4
477,LIMK1,TKL,LISK,LIMK,3984.0,LIM domain kinase 1,LIMK1_HUMAN,"Cytoplasm. Nucleus. Cell projection, lamellipodium.","LIMK, LIMK1",P53667,LIMK1
478,LIMK2,TKL,LISK,LIMK,3985.0,LIM domain kinase 2,LIMK2_HUMAN,Isoform LIMK2a: Cytoplasm. Nucleus.,"LIMK2, PLCB3NP",P53671,LIMK2
479,TESK1,TKL,LISK,TESK,7016.0,testis-specific kinase 1,TESK1_HUMAN,-,TESK1,Q15569,TESK1
480,TESK2,TKL,LISK,TESK,10420.0,testis-specific kinase 2,TESK2_HUMAN,Nucleus..,TESK2,Q96S53,TESK2
481,LRRK1,TKL,LRRK,,79705.0,leucine-rich repeat kinase 1,LRRK1_HUMAN,Cytoplasm..,"FLJ23119, LRRK1, Roco1, FLJ27465, RIPK6, KIAA1790",Q38SD2,LRRK1
482,LRRK2,TKL,LRRK,,120892.0,leucine-rich repeat kinase 2,LRRK2_HUMAN,"Membrane; Peripheral membrane protein. Cytoplasm. Perikaryon. Mitochondrion. Golgi apparatus. Cell projection, axon. Cell projection, dendrite. Endoplasmic reticulum. Cytoplasmic vesicle, secretory vesicle, synaptic vesicle membrane. Endosome. Lysosome. Mitochondrion outer membrane. Mitochondrion inner membrane. Mitochondrion matrix.","ROCO2, RIPK7, PARK8, LRRK2",Q5S007,LRRK2
483,HH498,TKL,MLK,HH498,51086.0,TNNI3 interacting kinase,TNI3K_HUMAN,Nucleus. Cytoplasm.,"HH498, MGC33828, MGC142099, CARK, TNNI3K, LOC51086",Q59H18,TNNI3K
484,ILK,TKL,MLK,ILK,3611.0,integrin-linked kinase,ILK_HUMAN,"Cell junction, focal adhesion. Cell membrane; Peripheral membrane protein; Cytoplasmic side. Cell projection, lamellipodium. Cytoplasm, myofibril, sarcomere..","DKFZp686F1765, ILK-1, ILK, P59",Q13418,ILK
485,DLK,TKL,MLK,LZK,7786.0,mitogen-activated protein kinase kinase kinase 12,M3K12_HUMAN,Cytoplasm. Cell membrane.,"DLK, Hs.ZPK, Hs.3063, ZPK, MAP3K12, ZPKP1, MUK",Q12852,MAP3K12
486,LZK,TKL,MLK,LZK,9175.0,mitogen-activated protein kinase kinase kinase 13,M3K13_HUMAN,Cytoplasm. Membrane..,"LZK, MAP3K13, MGC133196",O43283,MAP3K13
487,MLK1,TKL,MLK,MLK,4293.0,mitogen-activated protein kinase kinase kinase 9,M3K9_HUMAN,-,"MAP3K9, PRKE1, MLK1",P80192,MAP3K9
488,MLK2,TKL,MLK,MLK,4294.0,mitogen-activated protein kinase kinase kinase 10,M3K10_HUMAN,-,"MLK2, MAP3K10, MST",Q02779,MAP3K10
489,MLK3,TKL,MLK,MLK,4296.0,mitogen-activated protein kinase kinase kinase 11,M3K11_HUMAN,"Cytoplasm, cytoskeleton, microtubule organizing center, centrosome.","PTK1, MGC17114, MLK3, MLK-3, MAP3K11, SPRK",Q16584,MAP3K11
490,MLK4,TKL,MLK,MLK,84451.0,mixed lineage kinase 4,M3K21_HUMAN,-,"KIAA1804, dJ862P8.3, RP5-862P8.2, MLK4",Q5TCX8,MAP3K21
491,TAK1,TKL,MLK,TAK1,6885.0,mitogen-activated protein kinase kinase kinase 7,M3K7_HUMAN,Cytoplasm. Cell membrane.,"TGF1a, TAK1, MAP3K7",O43318,MAP3K7
492,ZAK,TKL,MLK,ZAK,51776.0,sterile alpha motif and leucine zipper containing kinase AZK,M3K20_HUMAN,Cytoplasm. Nucleus.,"MLTK, LOC51784, ZAK, mlklak, MLK7, LOC51776, AZK, MLT, MRK",Q9NYL2,MAP3K20
493,KSR1,TKL,RAF,KSR,8844.0,kinase suppressor of ras 1,KSR1_HUMAN,"Cytoplasm. Membrane. Cell membrane. Cell projection, ruffle membrane. Endoplasmic reticulum membrane.","RSU2, KSR1, KSR",Q8IVT5,KSR1
494,KSR2,TKL,RAF,KSR,283455.0,kinase suppressor of ras 2,KSR2_HUMAN,Cytoplasm. Membrane..,"KSR2, FLJ25965",Q6VAB6,KSR2
495,ARAF,TKL,RAF,RAF,369.0,v-raf murine sarcoma 3611 viral oncogene homolog,ARAF_HUMAN,-,"PKS2, RAFA1, A-RAF, ARAF, ARAF1",P10398,ARAF
496,BRAF,TKL,RAF,RAF,673.0,v-raf murine sarcoma viral oncogene homolog B1,BRAF_HUMAN,Nucleus. Cytoplasm. Cell membrane.,"RAFB1, BRAF1, B-raf 1, MGC138284, BRAF, MGC126806",P15056,BRAF
497,RAF1,TKL,RAF,RAF,5894.0,v-raf-1 murine leukemia viral oncogene homolog 1,RAF1_HUMAN,Cytoplasm. Cell membrane. Mitochondrion. Nucleus.,"Raf-1, c-Raf, RAF1, CRAF",P04049,RAF1
498,RIPK1,TKL,RIPK,,8737.0,receptor (TNFRSF)-interacting serine-threonine kinase 1,RIPK1_HUMAN,Cytoplasm. Cell membrane..,"RIPK1, FLJ39204, RIP",Q13546,RIPK1
499,RIPK2,TKL,RIPK,,8767.0,receptor-interacting serine-threonine kinase 2,RIPK2_HUMAN,Cytoplasm..,"GIG30, CARDIAK, RIP2, RIPK2, RICK, CCK, CARD3",O43353,RIPK2
500,RIPK3,TKL,RIPK,,11035.0,receptor-interacting serine-threonine kinase 3,RIPK3_HUMAN,"Cytoplasm, cytosol. Cell membrane. Mitochondrion..","RIP3, RIPK3",Q9Y572,RIPK3
502,SgK288,TKL,RIPK,,255239.0,ankyrin repeat and kinase domain containing 1,ANKK1_HUMAN,-,"PKK2, ANKK1, SgK288",Q8NFD2,ANKK1
503,ALK2,TKL,STKR,Type1,90.0,"activin A receptor, type I",ACVR1_HUMAN,Membrane; Single-pass type I membrane protein..,"ACVR1, ACTRI, ACVRLK2, ALK2, FOP, SKR1",Q04771,ACVR1
504,ALK4,TKL,STKR,Type1,91.0,"activin A receptor, type IB",ACV1B_HUMAN,Cell membrane..,"ALK4, ACVR1B, SKR2, ACVRLK4, ACTRIB",P36896,ACVR1B
505,ALK1,TKL,STKR,Type1,94.0,activin A receptor type II-like 1,ACVL1_HUMAN,Cell membrane..,"ACVRLK1, HHT, ORW2, ALK-1, ALK1, ACVRL1, HHT2, SKR3, TSR-I",P37023,ACVRL1
506,BMPR1A,TKL,STKR,Type1,657.0,"bone morphogenetic protein receptor, type IA",BMR1A_HUMAN,Cell membrane. Cell surface..,"CD292, BMPR1A, ALK3, ACVRLK3",P36894,BMPR1A
507,BMPR1B,TKL,STKR,Type1,658.0,"bone morphogenetic protein receptor, type IB",BMR1B_HUMAN,Cell membrane. Membrane; Single-pass type I membrane protein..,"ALK6, CDw293, BMPR1B, ALK-6",O00238,BMPR1B
508,TGFbR1,TKL,STKR,Type1,7046.0,"transforming growth factor, beta receptor I (activin A receptor type II-like kinase, 53kDa)",TGFR1_HUMAN,"Cell membrane. Cell junction, tight junction. Cell surface. Membrane raft..","TGFbR1, TGF_beta_RI, AAT5, TbetaR-I, TGFBR1, ACVRLK4, ALK-5, ALK5, TGFR-1, SKR4",P36897,TGFBR1
509,ALK7,TKL,STKR,Type1,130399.0,"activin A receptor, type IC",ACV1C_HUMAN,Membrane..,"ALK7, ACVRLK7, ACVR1C",Q8NER5,ACVR1C
510,ACTR2,TKL,STKR,Type2,92.0,"activin A receptor, type IIA",AVR2A_HUMAN,Membrane; Single-pass type I membrane protein..,"ACVR2A, ACTR2, ACTRII, ACVR2",P27037,ACVR2A
511,ACTR2B,TKL,STKR,Type2,93.0,"activin A receptor, type IIB",AVR2B_HUMAN,Cell membrane..,"ACVR2B, hActR-IIB, ACTR2B, Hs.23994, ACTR-IIB, MGC116908",Q13705,ACVR2B
512,MISR2,TKL,STKR,Type2,269.0,"anti-Mullerian hormone receptor, type II",AMHR2_HUMAN,Membrane; Single-pass type I membrane protein..,"AMHR, MISRII, AMHR2, MISR2",Q16671,AMHR2
513,BMPR2,TKL,STKR,Type2,659.0,"bone morphogenetic protein receptor, type II (serine/threonine kinase)",BMPR2_HUMAN,Cell membrane; Single-pass type I membrane protein..,"T-ALK, BMPR-II, PPH1, BRK-3, BMR2, BMPRII, BMPR2, BMPR3",Q13873,BMPR2
514,TGFbR2,TKL,STKR,Type2,7048.0,"transforming growth factor, beta receptor II (70/80kDa)",TGFR2_HUMAN,Cell membrane. Membrane raft..,"TAAD2, TGFbR2, HNPCC6, MFS2, TbetaR-II, TGFBR2, TGFR-2, TGFbeta-RII, TbetaRII, RIIC, AAT3, TGF_beta_RII, FAA3",P37173,TGFBR2
515,MLKL,TKL,TKL-Unique,,197259.0,mixed lineage kinase domain-like,MLKL_HUMAN,Cytoplasm. Cell membrane.,"FLJ34389, MLKL",Q8NB16,MLKL
